cik,ticker,legal_name,exchange,market_tier,security_type,nasdaq_listing_date,listing_date_basis,listing_confidence,initial_matrix_due_date,in_scope_nasdaq,broad_cohort,narrow_matured_cohort,edge_case,exclusion_reason,confidence,review_reason,initial_matrix_status,initial_matrix_source,initial_matrix_confidence,notes
1804469,GFAI,"Guardforce AI Co., Ltd.",Nasdaq,Capital Market,ordinary shares,2021-09-30,pricing_proxy,0.75,2022-09-30,1,1,1,0,,0.8,pricing_proxy_listing_date;listing_date_confidence_below_0.8,,,,Nasdaq listing date unresolved; using low-confidence pricing/prospectus fallback
1876581,IMPP,Imperial Petroleum Inc./Marshall Islands,Nasdaq,Capital Market,common stock,2021-11-23,pricing_proxy,0.75,2022-11-23,1,1,1,0,,0.8,pricing_proxy_listing_date;listing_date_confidence_below_0.8,,,,Nasdaq listing date unresolved; using low-confidence pricing/prospectus fallback
1892500,CMND,Clearmind Medicine Inc.,Nasdaq,Capital Market,common stock,2022-11-16,pricing_proxy,0.75,2023-11-16,1,1,1,0,,0.8,pricing_proxy_listing_date;listing_date_confidence_below_0.8,,,,Nasdaq listing date unresolved; using low-confidence pricing/prospectus fallback
1889823,DFSC,DEFSEC Technologies Inc.,Nasdaq,Capital Market,common stock,2022-12-08,pricing_proxy,0.75,2023-12-08,1,1,1,0,,0.8,pricing_proxy_listing_date;listing_date_confidence_below_0.8,,,,Nasdaq listing date unresolved; using low-confidence pricing/prospectus fallback
1945711,LVROF,Lavoro Ltd,Nasdaq,,ordinary shares,2023-02-03,pricing_proxy,0.75,2024-02-03,1,1,1,0,,0.8,pricing_proxy_listing_date;listing_date_confidence_below_0.8,,,,Nasdaq listing date unresolved; using low-confidence pricing/prospectus fallback
1951067,CISS,C3is Inc.,Nasdaq,Capital Market,common stock,2023-06-12,pricing_proxy,0.75,2024-06-12,1,1,1,0,,0.8,pricing_proxy_listing_date;listing_date_confidence_below_0.8,,,,Nasdaq listing date unresolved; using low-confidence pricing/prospectus fallback
1935418,FMST,Foremost Clean Energy Ltd.,Nasdaq,Capital Market,common stock,2023-08-23,pricing_proxy,0.75,2024-08-23,1,1,1,0,,0.8,pricing_proxy_listing_date;listing_date_confidence_below_0.8,,,,Nasdaq listing date unresolved; using low-confidence pricing/prospectus fallback
1955514,,RanMarine Technology B.V.,Nasdaq,Capital Market,ADS,2024-04-22,pricing_proxy,0.75,2025-04-22,1,1,0,0,,0.8,pricing_proxy_listing_date;listing_date_confidence_below_0.8,,,,issuer delisted/merged: SEC exchanges field empty; exchange taken from IPO-time 8-A12B; Nasdaq listing date unresolved; using low-confidence pricing/prospectus fallback
1084267,MOBQ,"Mobiquity Technologies, Inc.",Nasdaq,Capital Market,common stock,2021-12-10,pricing_proxy,0.75,2022-12-10,1,1,1,0,,0.85,pricing_proxy_listing_date;listing_date_confidence_below_0.8,,,,Nasdaq listing date unresolved; using low-confidence pricing/prospectus fallback
1070050,APCX,AppTech Payments Corp.,Nasdaq,,common stock,2022-01-06,pricing_proxy,0.75,2023-01-06,1,1,1,0,,0.85,pricing_proxy_listing_date;listing_date_confidence_below_0.8,,,,Nasdaq listing date unresolved; using low-confidence pricing/prospectus fallback
1648087,AREB,AMERICAN REBEL HOLDINGS INC,Nasdaq,,common stock,2022-02-08,pricing_proxy,0.75,2023-02-08,1,1,1,0,,0.85,pricing_proxy_listing_date;listing_date_confidence_below_0.8,,,,Nasdaq listing date unresolved; using low-confidence pricing/prospectus fallback
1849221,PMNT,Perfect Moment Ltd.,Nasdaq,Capital Market,common stock,2024-02-09,pricing_proxy,0.75,2025-02-09,1,1,0,0,,0.85,pricing_proxy_listing_date;listing_date_confidence_below_0.8,,,,Nasdaq listing date unresolved; using low-confidence pricing/prospectus fallback
1784567,,"Harbor Custom Development, Inc.",Nasdaq,Capital Market,common stock,2021-10-05,pricing_proxy,0.75,2022-10-05,1,1,1,0,,0.9,pricing_proxy_listing_date;listing_date_confidence_below_0.8,,,,issuer delisted/merged: SEC exchanges field empty; exchange taken from IPO-time 8-A12B; Nasdaq listing date unresolved; using low-confidence pricing/prospectus fallback
1769804,,"Augmedix, Inc.",Nasdaq,,common stock,2021-10-28,pricing_proxy,0.75,2022-10-28,1,1,1,0,,0.9,pricing_proxy_listing_date;listing_date_confidence_below_0.8,,,,issuer delisted/merged: SEC exchanges field empty; exchange taken from IPO-time 8-A12B; Nasdaq listing date unresolved; using low-confidence pricing/prospectus fallback
1611282,,"PishPosh, Inc.",Nasdaq,,common stock,2023-03-07,pricing_proxy,0.75,2024-03-07,1,1,1,0,,0.9,pricing_proxy_listing_date;listing_date_confidence_below_0.8,,,,issuer delisted/merged: SEC exchanges field empty; exchange taken from IPO-time 8-A12B; Nasdaq listing date unresolved; using low-confidence pricing/prospectus fallback
1534154,AUID,authID Inc.,Nasdaq,Capital Market,common stock,2021-08-25,pricing_proxy,0.75,2022-08-25,1,1,1,0,,0.95,pricing_proxy_listing_date;listing_date_confidence_below_0.8,,,,Nasdaq listing date unresolved; using low-confidence pricing/prospectus fallback
1590418,FCUV,FOCUS UNIVERSAL INC.,Nasdaq,Capital Market,common stock,2021-09-01,pricing_proxy,0.75,2022-09-01,1,1,1,0,,0.95,pricing_proxy_listing_date;listing_date_confidence_below_0.8,,,,Nasdaq listing date unresolved; using low-confidence pricing/prospectus fallback
1844971,GREE,Greenidge Generation Holdings Inc.,Nasdaq,Global Select,common stock,2021-10-12,pricing_proxy,0.75,2022-10-12,1,1,1,0,,0.95,pricing_proxy_listing_date;listing_date_confidence_below_0.8,,,,Nasdaq listing date unresolved; using low-confidence pricing/prospectus fallback
1653384,RWAY,Runway Growth Finance Corp.,Nasdaq,Global Select,common stock,2021-10-21,pricing_proxy,0.75,2022-10-21,1,1,1,0,,0.95,pricing_proxy_listing_date;listing_date_confidence_below_0.8,,,,Nasdaq listing date unresolved; using low-confidence pricing/prospectus fallback
1392694,SURG,"SurgePays, Inc.",Nasdaq,Capital Market,common stock,2021-11-03,pricing_proxy,0.75,2022-11-03,1,1,1,0,,0.95,pricing_proxy_listing_date;listing_date_confidence_below_0.8,,,,Nasdaq listing date unresolved; using low-confidence pricing/prospectus fallback
1505497,BRTX,"BioRestorative Therapies, Inc.",Nasdaq,Capital Market,common stock,2021-11-09,pricing_proxy,0.75,2022-11-09,1,1,1,0,,0.95,pricing_proxy_listing_date;listing_date_confidence_below_0.8,,,,Nasdaq listing date unresolved; using low-confidence pricing/prospectus fallback
1567900,ALOY,REALLOYS INC.,Nasdaq,Capital Market,common stock,2021-11-12,pricing_proxy,0.75,2022-11-12,1,1,1,0,,0.95,pricing_proxy_listing_date;listing_date_confidence_below_0.8,,,,Nasdaq listing date unresolved; using low-confidence pricing/prospectus fallback
1649739,BAFN,BayFirst Financial Corp.,Nasdaq,Capital Market,common stock,2021-11-12,pricing_proxy,0.75,2022-11-12,1,1,1,0,,0.95,pricing_proxy_listing_date;listing_date_confidence_below_0.8,,,,Nasdaq listing date unresolved; using low-confidence pricing/prospectus fallback
1187953,CELZ,"CREATIVE MEDICAL TECHNOLOGY HOLDINGS, INC.",Nasdaq,Capital Market,common stock,2021-12-06,pricing_proxy,0.75,2022-12-06,1,1,1,0,,0.95,pricing_proxy_listing_date;listing_date_confidence_below_0.8,,,,Nasdaq listing date unresolved; using low-confidence pricing/prospectus fallback
1777319,CISO,"CISO Global, Inc.",Nasdaq,Capital Market,common stock,2022-01-18,pricing_proxy,0.75,2023-01-18,1,1,1,0,,0.95,pricing_proxy_listing_date;listing_date_confidence_below_0.8,,,,Nasdaq listing date unresolved; using low-confidence pricing/prospectus fallback
1074871,MODD,"Modular Medical, Inc.",Nasdaq,Capital Market,common stock,2022-02-11,pricing_proxy,0.75,2023-02-11,1,1,1,0,,0.95,pricing_proxy_listing_date;listing_date_confidence_below_0.8,,,,Nasdaq listing date unresolved; using low-confidence pricing/prospectus fallback
1482541,BNC,CEA Industries Inc.,Nasdaq,Capital Market,common stock,2022-02-14,pricing_proxy,0.75,2023-02-14,1,1,1,0,,0.95,pricing_proxy_listing_date;listing_date_confidence_below_0.8,,,,Nasdaq listing date unresolved; using low-confidence pricing/prospectus fallback
1450704,VIVK,"Vivakor, Inc.",Nasdaq,Capital Market,common stock,2022-02-15,pricing_proxy,0.75,2023-02-15,1,1,1,0,,0.95,pricing_proxy_listing_date;listing_date_confidence_below_0.8,,,,Nasdaq listing date unresolved; using low-confidence pricing/prospectus fallback
1402328,SBFM,Sunshine Biopharma Inc.,Nasdaq,Capital Market,common stock,2022-02-17,pricing_proxy,0.75,2023-02-17,1,1,1,0,,0.95,pricing_proxy_listing_date;listing_date_confidence_below_0.8,,,,Nasdaq listing date unresolved; using low-confidence pricing/prospectus fallback
1425627,SOBR,"SOBR Safe, Inc.",Nasdaq,Capital Market,common stock,2022-05-17,pricing_proxy,0.75,2023-05-17,1,1,1,0,,0.95,pricing_proxy_listing_date;listing_date_confidence_below_0.8,,,,Nasdaq listing date unresolved; using low-confidence pricing/prospectus fallback
923601,RIME,"Algorhythm Holdings, Inc.",Nasdaq,Capital Market,common stock,2022-05-25,pricing_proxy,0.75,2023-05-25,1,1,1,0,,0.95,pricing_proxy_listing_date;listing_date_confidence_below_0.8,,,,Nasdaq listing date unresolved; using low-confidence pricing/prospectus fallback
1674440,YYAI,AIRWA INC.,Nasdaq,Capital Market,common stock,2022-06-16,pricing_proxy,0.75,2023-06-16,1,1,1,0,,0.95,pricing_proxy_listing_date;listing_date_confidence_below_0.8,,,,Nasdaq listing date unresolved; using low-confidence pricing/prospectus fallback
1414767,NCPL,Netcapital Inc.,Nasdaq,Capital Market,common stock,2022-07-14,pricing_proxy,0.75,2023-07-14,1,1,1,0,,0.95,pricing_proxy_listing_date;listing_date_confidence_below_0.8,,,,Nasdaq listing date unresolved; using low-confidence pricing/prospectus fallback
1784970,NXTT,Next Technology Holding Inc.,Nasdaq,Capital Market,common stock,2022-07-19,pricing_proxy,0.75,2023-07-19,1,1,1,0,,0.95,pricing_proxy_listing_date;listing_date_confidence_below_0.8,,,,Nasdaq listing date unresolved; using low-confidence pricing/prospectus fallback
1748137,NEOV,NeoVolta Inc.,Nasdaq,Capital Market,common stock,2022-07-29,pricing_proxy,0.75,2023-07-29,1,1,1,0,,0.95,pricing_proxy_listing_date;listing_date_confidence_below_0.8,,,,Nasdaq listing date unresolved; using low-confidence pricing/prospectus fallback
1425355,SUIG,SUI Group Holdings Ltd.,Nasdaq,Capital Market,common stock,2022-08-09,pricing_proxy,0.75,2023-08-09,1,1,1,0,,0.95,pricing_proxy_listing_date;listing_date_confidence_below_0.8,,,,Nasdaq listing date unresolved; using low-confidence pricing/prospectus fallback
1014763,AIMD,"Ainos, Inc.",Nasdaq,Capital Market,common stock,2022-08-10,pricing_proxy,0.75,2023-08-10,1,1,1,0,,0.95,pricing_proxy_listing_date;listing_date_confidence_below_0.8,,,,Nasdaq listing date unresolved; using low-confidence pricing/prospectus fallback
1650101,ATXG,ADDENTAX GROUP CORP.,Nasdaq,Capital Market,common stock,2022-09-01,pricing_proxy,0.75,2023-09-01,1,1,1,0,,0.95,pricing_proxy_listing_date;listing_date_confidence_below_0.8,,,,Nasdaq listing date unresolved; using low-confidence pricing/prospectus fallback
1514183,SILO,"Silo Pharma, Inc.",Nasdaq,Capital Market,common stock,2022-09-28,pricing_proxy,0.75,2023-09-28,1,1,1,0,,0.95,pricing_proxy_listing_date;listing_date_confidence_below_0.8,,,,Nasdaq listing date unresolved; using low-confidence pricing/prospectus fallback
1329606,CETY,"Clean Energy Technologies, Inc.",Nasdaq,Capital Market,common stock,2023-03-24,pricing_proxy,0.75,2024-03-24,1,1,1,0,,0.95,pricing_proxy_listing_date;listing_date_confidence_below_0.8,,,,Nasdaq listing date unresolved; using low-confidence pricing/prospectus fallback
1687187,METC,"Ramaco Resources, Inc.",Nasdaq,Global Select,common stock,2023-06-15,pricing_proxy,0.75,2024-06-15,1,1,1,0,,0.95,pricing_proxy_listing_date;listing_date_confidence_below_0.8,,,,Nasdaq listing date unresolved; using low-confidence pricing/prospectus fallback
1823584,AENT,ALLIANCE ENTERTAINMENT HOLDING CORP,Nasdaq,Capital Market,common stock,2023-06-30,pricing_proxy,0.75,2024-06-30,1,1,1,0,,0.95,pricing_proxy_listing_date;listing_date_confidence_below_0.8,,,,Nasdaq listing date unresolved; using low-confidence pricing/prospectus fallback
1737523,BGLC,BioNexus Gene Lab Corp,Nasdaq,Capital Market,common stock,2023-07-21,pricing_proxy,0.75,2024-07-21,1,1,1,0,,0.95,pricing_proxy_listing_date;listing_date_confidence_below_0.8,,,,Nasdaq listing date unresolved; using low-confidence pricing/prospectus fallback
1934642,MDBH,"MDB Capital Holdings, LLC",Nasdaq,Capital Market,common stock,2023-07-26,pricing_proxy,0.75,2024-07-26,1,1,1,0,,0.95,pricing_proxy_listing_date;listing_date_confidence_below_0.8,,,,Nasdaq listing date unresolved; using low-confidence pricing/prospectus fallback
1961847,INHD,INNO HOLDINGS INC.,Nasdaq,Capital Market,common stock,2023-12-04,pricing_proxy,0.75,2024-12-04,1,1,1,0,,0.95,pricing_proxy_listing_date;listing_date_confidence_below_0.8,,,,Nasdaq listing date unresolved; using low-confidence pricing/prospectus fallback
1490161,SOWG,Sow Good Inc.,Nasdaq,Capital Market,common stock,2024-05-03,pricing_proxy,0.75,2025-05-03,1,1,0,0,,0.95,pricing_proxy_listing_date;listing_date_confidence_below_0.8,,,,Nasdaq listing date unresolved; using low-confidence pricing/prospectus fallback
1946573,NAKA,Nakamoto Inc.,Nasdaq,Global Market,common stock,2024-05-15,pricing_proxy,0.75,2025-05-15,1,1,0,0,,0.95,pricing_proxy_listing_date;listing_date_confidence_below_0.8,,,,Nasdaq listing date unresolved; using low-confidence pricing/prospectus fallback
1853825,DTCX,"Datacentrex, Inc.",Nasdaq,Capital Market,common stock,2024-10-29,pricing_proxy,0.75,2025-10-29,1,1,0,0,,0.95,pricing_proxy_listing_date;listing_date_confidence_below_0.8,,,,Nasdaq listing date unresolved; using low-confidence pricing/prospectus fallback
1997296,MDCX,Medicus Pharma Ltd.,Nasdaq,Capital Market,common stock,2024-11-15,pricing_proxy,0.75,2025-11-15,1,1,0,0,,0.95,pricing_proxy_listing_date;listing_date_confidence_below_0.8,,,,Nasdaq listing date unresolved; using low-confidence pricing/prospectus fallback
1554625,PRIF-PD,"Priority Income Fund, Inc.",NYSE,,preferred,2021-08-06,pricing_proxy,0.75,2022-08-06,0,0,0,0,fund_or_etf_etp,0.6,boundary_date_uncertainty;confidence_below_0.8;listing_date_confidence_below_0.8,,,,Nasdaq listing date unresolved; using low-confidence pricing/prospectus fallback
1864843,ECAT,BlackRock ESG Capital Allocation Term Trust,NYSE,,common stock,2021-09-29,pricing_proxy,0.75,2022-09-29,0,0,0,0,fund_or_etf_etp,0.6,confidence_below_0.8;listing_date_confidence_below_0.8,,,,Nasdaq listing date unresolved; using low-confidence pricing/prospectus fallback
1855066,MEGI,NYLI CBRE Global Infrastructure Megatrends Term Fund,NYSE,,common stock,2021-10-28,pricing_proxy,0.75,2022-10-28,0,0,0,0,fund_or_etf_etp,0.6,confidence_below_0.8;listing_date_confidence_below_0.8,,,,Nasdaq listing date unresolved; using low-confidence pricing/prospectus fallback
1736035,BXSL,Blackstone Secured Lending Fund,NYSE,,common stock,2021-10-29,pricing_proxy,0.75,2022-10-29,0,0,0,0,fund_or_etf_etp,0.6,confidence_below_0.8;listing_date_confidence_below_0.8,,,,Nasdaq listing date unresolved; using low-confidence pricing/prospectus fallback
1666291,CMTG,"Claros Mortgage Trust, Inc.",NYSE,,common stock,2021-11-04,pricing_proxy,0.75,2022-11-04,0,0,0,0,fund_or_etf_etp,0.6,confidence_below_0.8;listing_date_confidence_below_0.8,,,,Nasdaq listing date unresolved; using low-confidence pricing/prospectus fallback
1864208,GUG,Guggenheim Active Allocation Fund,NYSE,,common stock,2021-11-26,pricing_proxy,0.75,2022-11-26,0,0,0,0,fund_or_etf_etp,0.6,confidence_below_0.8;listing_date_confidence_below_0.8,,,,Nasdaq listing date unresolved; using low-confidence pricing/prospectus fallback
1885336,,"FORMATION MINERALS, INC.",unknown,,common stock,2022-01-11,pricing_proxy,0.75,2023-01-11,0,0,0,0,not_nasdaq_exchange (unknown),0.6,confidence_below_0.8;listing_date_confidence_below_0.8;exchange_unresolved,,,,exchange unresolved; routed to edge_case_review; Nasdaq listing date unresolved; using low-confidence pricing/prospectus fallback
1886878,PAXS,PIMCO Access Income Fund,NYSE,,common stock,2022-01-28,pricing_proxy,0.75,2023-01-28,0,0,0,0,fund_or_etf_etp,0.6,confidence_below_0.8;listing_date_confidence_below_0.8,,,,Nasdaq listing date unresolved; using low-confidence pricing/prospectus fallback
1870833,RMMZ,"RiverNorth Managed Duration Municipal Income Fund II, Inc.",NYSE,,common stock,2022-02-11,pricing_proxy,0.75,2023-02-11,0,0,0,0,fund_or_etf_etp,0.6,confidence_below_0.8;listing_date_confidence_below_0.8,,,,Nasdaq listing date unresolved; using low-confidence pricing/prospectus fallback
1866874,RLTY,Cohen & Steers Real Estate Opportunities & Income Fund,NYSE,,common stock,2022-02-24,pricing_proxy,0.75,2023-02-24,0,0,0,0,fund_or_etf_etp,0.6,confidence_below_0.8;listing_date_confidence_below_0.8,,,,Nasdaq listing date unresolved; using low-confidence pricing/prospectus fallback
1832871,BMN,BlackRock 2037 Municipal Target Term Trust,NYSE,,common stock,2022-10-28,pricing_proxy,0.75,2023-10-28,0,0,0,0,fund_or_etf_etp,0.6,confidence_below_0.8;listing_date_confidence_below_0.8,,,,Nasdaq listing date unresolved; using low-confidence pricing/prospectus fallback
1782524,MSDL,Morgan Stanley Direct Lending Fund,NYSE,,common stock,2024-01-24,pricing_proxy,0.75,2025-01-24,0,0,0,0,fund_or_etf_etp,0.6,confidence_below_0.8;listing_date_confidence_below_0.8,,,,Nasdaq listing date unresolved; using low-confidence pricing/prospectus fallback
1869105,BBOT,"BridgeBio Oncology Therapeutics, Inc.",Nasdaq,Global Market,ordinary shares,2024-02-09,first_trading,0.88,2025-02-09,0,0,0,0,spac_or_blank_check,0.6,confidence_below_0.8,,,,Nasdaq IPO Calendar date differs from 424B filing date (2024-02-13)
1896036,EIIA,Eagle Point Institutional Income Fund,NYSE,,preferred,2024-10-11,pricing_proxy,0.75,2025-10-11,0,0,0,0,fund_or_etf_etp,0.6,confidence_below_0.8;listing_date_confidence_below_0.8,,,,Nasdaq listing date unresolved; using low-confidence pricing/prospectus fallback
1638826,TTAN,"ServiceTitan, Inc.",Nasdaq,Global Select,common stock,2024-12-12,first_trading,0.94,2025-12-12,0,0,0,0,listed_after_vacatur,0.7,boundary_date_uncertainty;confidence_below_0.8,,,,
1927578,NTCL,NetClass Technology Inc,Nasdaq,Capital Market,ordinary shares,2024-12-13,first_trading,0.94,2025-12-13,0,0,0,0,listed_after_vacatur,0.7,boundary_date_uncertainty;confidence_below_0.8,,,,
2011514,AVR,Anteris Technologies Global Corp.,Nasdaq,Global Market,common stock,2024-12-13,first_trading,0.94,2025-12-13,0,0,0,0,listed_after_vacatur,0.7,boundary_date_uncertainty;confidence_below_0.8,,,,
1851174,,World Quantum Growth Acquisition Corp.,NYSE,,unit,2021-08-12,pricing_proxy,0.75,2022-08-12,0,0,0,0,spac_or_blank_check,0.9,listing_date_confidence_below_0.8,,,,issuer delisted/merged: SEC exchanges field empty; exchange taken from IPO-time 8-A12B; IPO-time security was Units (SPAC); CIK may now show a merged operating company; Nasdaq listing date unresolved; using low-confidence pricing/prospectus fallback
1865975,,AfterNext HealthTech Acquisition Corp.,NYSE,,unit,2021-08-13,pricing_proxy,0.75,2022-08-13,0,0,0,0,spac_or_blank_check,0.9,listing_date_confidence_below_0.8,,,,issuer delisted/merged: SEC exchanges field empty; exchange taken from IPO-time 8-A12B; IPO-time security was Units (SPAC); CIK may now show a merged operating company; Nasdaq listing date unresolved; using low-confidence pricing/prospectus fallback
1865407,,Kensington Capital Acquisition Corp. V,NYSE,,unit,2021-08-16,pricing_proxy,0.75,2022-08-16,0,0,0,0,spac_or_blank_check,0.9,listing_date_confidence_below_0.8,,,,issuer delisted/merged: SEC exchanges field empty; exchange taken from IPO-time 8-A12B; IPO-time security was Units (SPAC); CIK may now show a merged operating company; Nasdaq listing date unresolved; using low-confidence pricing/prospectus fallback
64463,SLNH,"Soluna Holdings, Inc",Nasdaq,Capital Market,preferred,2021-08-20,pricing_proxy,0.75,2022-08-20,0,0,0,0,preferred_only,0.9,listing_date_confidence_below_0.8,,,,Nasdaq listing date unresolved; using low-confidence pricing/prospectus fallback
1849580,,Waverley Capital Acquisition Corp. 1,NYSE,,unit,2021-08-23,pricing_proxy,0.75,2022-08-23,0,0,0,0,spac_or_blank_check,0.9,listing_date_confidence_below_0.8,,,,issuer delisted/merged: SEC exchanges field empty; exchange taken from IPO-time 8-A12B; IPO-time security was Units (SPAC); CIK may now show a merged operating company; Nasdaq listing date unresolved; using low-confidence pricing/prospectus fallback
1730346,,"Charah Solutions, Inc.",NYSE,,debt,2021-08-24,pricing_proxy,0.75,2022-08-24,0,0,0,0,debt_only,0.9,listing_date_confidence_below_0.8,,,,issuer delisted/merged: SEC exchanges field empty; exchange taken from IPO-time 8-A12B; Nasdaq listing date unresolved; using low-confidence pricing/prospectus fallback
1862463,AMOD,"ALPHA MODUS HOLDINGS, INC.",NYSE,Capital Market,unit,2021-09-02,pricing_proxy,0.75,2022-09-02,0,0,0,0,spac_or_blank_check,0.9,listing_date_confidence_below_0.8,,,,IPO-time security was Units (SPAC); CIK may now show a merged operating company; Nasdaq listing date unresolved; using low-confidence pricing/prospectus fallback
1651721,GIPR,"GENERATION INCOME PROPERTIES, INC.",Nasdaq,Capital Market,unit,2021-09-03,pricing_proxy,0.75,2022-09-03,0,0,0,0,spac_or_blank_check,0.9,listing_date_confidence_below_0.8,,,,IPO-time security was Units (SPAC); CIK may now show a merged operating company; Nasdaq listing date unresolved; using low-confidence pricing/prospectus fallback
1855485,CLDI,"Calidi Biotherapeutics, Inc.",NYSE,,unit,2021-09-13,pricing_proxy,0.75,2022-09-13,0,0,0,0,spac_or_blank_check,0.9,listing_date_confidence_below_0.8,,,,IPO-time security was Units (SPAC); CIK may now show a merged operating company; Nasdaq listing date unresolved; using low-confidence pricing/prospectus fallback
1645873,MDV,"MODIV INDUSTRIAL, INC.",NYSE,,preferred,2021-09-15,pricing_proxy,0.75,2022-09-15,0,0,0,0,fund_or_etf_etp,0.9,listing_date_confidence_below_0.8,,,,Nasdaq listing date unresolved; using low-confidence pricing/prospectus fallback
1690012,ICR-PA,"InPoint Commercial Real Estate Income, Inc.",NYSE,,preferred,2021-09-16,pricing_proxy,0.75,2022-09-16,0,0,0,0,fund_or_etf_etp,0.9,listing_date_confidence_below_0.8,,,,Nasdaq listing date unresolved; using low-confidence pricing/prospectus fallback
1858985,ONON,On Holding AG,NYSE,,ordinary shares,2021-09-16,pricing_proxy,0.75,2022-09-16,0,0,0,0,not_nasdaq_exchange (NYSE),0.9,listing_date_confidence_below_0.8,,,,Nasdaq listing date unresolved; using low-confidence pricing/prospectus fallback
1866581,BROS,Dutch Bros Inc.,NYSE,,common stock,2021-09-16,pricing_proxy,0.75,2022-09-16,0,0,0,0,not_nasdaq_exchange (NYSE),0.9,listing_date_confidence_below_0.8,,,,Nasdaq listing date unresolved; using low-confidence pricing/prospectus fallback
1543916,,"ForgeRock, Inc.",NYSE,,common stock,2021-09-17,pricing_proxy,0.75,2022-09-17,0,0,0,0,not_nasdaq_exchange (NYSE),0.9,listing_date_confidence_below_0.8,,,,issuer delisted/merged: SEC exchanges field empty; exchange taken from IPO-time 8-A12B; Nasdaq listing date unresolved; using low-confidence pricing/prospectus fallback
1844650,,SOAR Technology Acquisition Corp.,NYSE,,unit,2021-09-17,pricing_proxy,0.75,2022-09-17,0,0,0,0,spac_or_blank_check,0.9,listing_date_confidence_below_0.8,,,,issuer delisted/merged: SEC exchanges field empty; exchange taken from IPO-time 8-A12B; IPO-time security was Units (SPAC); CIK may now show a merged operating company; Nasdaq listing date unresolved; using low-confidence pricing/prospectus fallback
1650164,TOST,"Toast, Inc.",NYSE,,common stock,2021-09-22,pricing_proxy,0.75,2022-09-22,0,0,0,0,not_nasdaq_exchange (NYSE),0.9,listing_date_confidence_below_0.8,,,,Nasdaq listing date unresolved; using low-confidence pricing/prospectus fallback
1865107,AKA,A.K.A. BRANDS HOLDING CORP.,NYSE,,common stock,2021-09-23,pricing_proxy,0.75,2022-09-23,0,0,0,0,not_nasdaq_exchange (NYSE),0.9,listing_date_confidence_below_0.8,,,,Nasdaq listing date unresolved; using low-confidence pricing/prospectus fallback
1848323,,Live Oak Crestview Climate Acquisition Corp.,NYSE,,unit,2021-09-24,pricing_proxy,0.75,2022-09-24,0,0,0,0,spac_or_blank_check,0.9,listing_date_confidence_below_0.8,,,,issuer delisted/merged: SEC exchanges field empty; exchange taken from IPO-time 8-A12B; IPO-time security was Units (SPAC); CIK may now show a merged operating company; Nasdaq listing date unresolved; using low-confidence pricing/prospectus fallback
1863105,,"EngageSmart, Inc.",NYSE,,common stock,2021-09-24,pricing_proxy,0.75,2022-09-24,0,0,0,0,not_nasdaq_exchange (NYSE),0.9,listing_date_confidence_below_0.8,,,,issuer delisted/merged: SEC exchanges field empty; exchange taken from IPO-time 8-A12B; Nasdaq listing date unresolved; using low-confidence pricing/prospectus fallback
1844505,QTI,"QT IMAGING HOLDINGS, INC.",NYSE,Capital Market,unit,2021-09-27,pricing_proxy,0.75,2022-09-27,0,0,0,0,spac_or_blank_check,0.9,listing_date_confidence_below_0.8,,,,IPO-time security was Units (SPAC); CIK may now show a merged operating company; Nasdaq listing date unresolved; using low-confidence pricing/prospectus fallback
1866368,CWAN,"Clearwater Analytics Holdings, Inc.",NYSE,,common stock,2021-09-27,pricing_proxy,0.75,2022-09-27,0,0,0,0,not_nasdaq_exchange (NYSE),0.9,listing_date_confidence_below_0.8,,,,Nasdaq listing date unresolved; using low-confidence pricing/prospectus fallback
1871745,,Direct Selling Acquisition Corp.,NYSE,,unit,2021-09-27,pricing_proxy,0.75,2022-09-27,0,0,0,0,spac_or_blank_check,0.9,listing_date_confidence_below_0.8,,,,issuer delisted/merged: SEC exchanges field empty; exchange taken from IPO-time 8-A12B; IPO-time security was Units (SPAC); CIK may now show a merged operating company; Nasdaq listing date unresolved; using low-confidence pricing/prospectus fallback
1504776,WRBY,Warby Parker Inc.,NYSE,,common stock,2021-09-29,pricing_proxy,0.75,2022-09-29,0,0,0,0,not_nasdaq_exchange (NYSE),0.9,listing_date_confidence_below_0.8,,,,Nasdaq listing date unresolved; using low-confidence pricing/prospectus fallback
1848165,,Parabellum Acquisition Corp.,NYSE,,unit,2021-09-29,pricing_proxy,0.75,2022-09-29,0,0,0,0,spac_or_blank_check,0.9,listing_date_confidence_below_0.8,,,,issuer delisted/merged: SEC exchanges field empty; exchange taken from IPO-time 8-A12B; IPO-time security was Units (SPAC); CIK may now show a merged operating company; Nasdaq listing date unresolved; using low-confidence pricing/prospectus fallback
1869673,,Berenson Acquisition Corp. I,NYSE,,unit,2021-09-29,pricing_proxy,0.75,2022-09-29,0,0,0,0,spac_or_blank_check,0.9,listing_date_confidence_below_0.8,,,,issuer delisted/merged: SEC exchanges field empty; exchange taken from IPO-time 8-A12B; IPO-time security was Units (SPAC); CIK may now show a merged operating company; Nasdaq listing date unresolved; using low-confidence pricing/prospectus fallback
1803112,,TDCX Inc.,NYSE,,ADS,2021-10-01,pricing_proxy,0.75,2022-10-01,0,0,0,0,not_nasdaq_exchange (NYSE),0.9,listing_date_confidence_below_0.8,,,,issuer delisted/merged: SEC exchanges field empty; exchange taken from IPO-time 8-A12B; Nasdaq listing date unresolved; using low-confidence pricing/prospectus fallback
1807046,OZ,"Belpointe PREP, LLC",NYSE,,common stock (unverified),2021-10-01,pricing_proxy,0.75,2022-10-01,0,0,0,0,not_nasdaq_exchange (NYSE),0.9,listing_date_confidence_below_0.8,,,,security_type inferred from issuer type; no 8-A12B/listing record parsed; Nasdaq listing date unresolved; using low-confidence pricing/prospectus fallback
1858327,,"dMY Technology Group, Inc. VI",NYSE,,unit,2021-10-04,pricing_proxy,0.75,2022-10-04,0,0,0,0,spac_or_blank_check,0.9,listing_date_confidence_below_0.8,,,,issuer delisted/merged: SEC exchanges field empty; exchange taken from IPO-time 8-A12B; IPO-time security was Units (SPAC); CIK may now show a merged operating company; Nasdaq listing date unresolved; using low-confidence pricing/prospectus fallback
1561032,NHP,"National Healthcare Properties, Inc.",Nasdaq,Global Market,preferred,2021-10-04,pricing_proxy,0.75,2022-10-04,0,0,0,0,fund_or_etf_etp,0.9,listing_date_confidence_below_0.8,,,,Nasdaq listing date unresolved; using low-confidence pricing/prospectus fallback
1854461,,Mount Rainier Acquisition Corp.,Nasdaq,,unit,2021-10-05,pricing_proxy,0.75,2022-10-05,0,0,0,0,spac_or_blank_check,0.9,listing_date_confidence_below_0.8,,,,issuer delisted/merged: SEC exchanges field empty; exchange taken from IPO-time 8-A12B; IPO-time security was Units (SPAC); CIK may now show a merged operating company; Nasdaq listing date unresolved; using low-confidence pricing/prospectus fallback
1850502,,Enphys Acquisition Corp.,NYSE,,unit,2021-10-07,pricing_proxy,0.75,2022-10-07,0,0,0,0,spac_or_blank_check,0.9,listing_date_confidence_below_0.8,,,,issuer delisted/merged: SEC exchanges field empty; exchange taken from IPO-time 8-A12B; IPO-time security was Units (SPAC); CIK may now show a merged operating company; Nasdaq listing date unresolved; using low-confidence pricing/prospectus fallback
1869198,LTH,"Life Time Group Holdings, Inc.",NYSE,,common stock,2021-10-08,pricing_proxy,0.75,2022-10-08,0,0,0,0,not_nasdaq_exchange (NYSE),0.9,listing_date_confidence_below_0.8,,,,Nasdaq listing date unresolved; using low-confidence pricing/prospectus fallback
1841144,,Hawks Acquisition Corp,NYSE,,unit,2021-10-12,pricing_proxy,0.75,2022-10-12,0,0,0,0,spac_or_blank_check,0.9,listing_date_confidence_below_0.8,,,,issuer delisted/merged: SEC exchanges field empty; exchange taken from IPO-time 8-A12B; IPO-time security was Units (SPAC); CIK may now show a merged operating company; Nasdaq listing date unresolved; using low-confidence pricing/prospectus fallback
1847577,,Learn CW Investment Corp,NYSE,,unit,2021-10-12,pricing_proxy,0.75,2022-10-12,0,0,0,0,spac_or_blank_check,0.9,listing_date_confidence_below_0.8,,,,issuer delisted/merged: SEC exchanges field empty; exchange taken from IPO-time 8-A12B; IPO-time security was Units (SPAC); CIK may now show a merged operating company; Nasdaq listing date unresolved; using low-confidence pricing/prospectus fallback
1729214,XRTX,XORTX Therapeutics Inc.,NYSE,Capital Market,common stock,2021-10-14,pricing_proxy,0.75,2022-10-14,0,0,0,0,not_nasdaq_exchange (NYSE),0.9,listing_date_confidence_below_0.8,,,,Nasdaq listing date unresolved; using low-confidence pricing/prospectus fallback
1145255,HNNA,HENNESSY ADVISORS INC,Nasdaq,Global Market,debt,2021-10-14,pricing_proxy,0.75,2022-10-14,0,0,0,0,debt_only,0.9,listing_date_confidence_below_0.8,,,,Nasdaq listing date unresolved; using low-confidence pricing/prospectus fallback
864270,,AMERICAN HONDA FINANCE CORP,NYSE,Global Market,right,2021-10-15,pricing_proxy,0.75,2022-10-15,0,0,0,0,right_security,0.9,listing_date_confidence_below_0.8,,,,issuer delisted/merged: SEC exchanges field empty; exchange taken from IPO-time 8-A12B; Nasdaq listing date unresolved; using low-confidence pricing/prospectus fallback
1848020,,Black Mountain Acquisition Corp.,NYSE,,unit,2021-10-15,pricing_proxy,0.75,2022-10-15,0,0,0,0,spac_or_blank_check,0.9,listing_date_confidence_below_0.8,,,,issuer delisted/merged: SEC exchanges field empty; exchange taken from IPO-time 8-A12B; IPO-time security was Units (SPAC); CIK may now show a merged operating company; Nasdaq listing date unresolved; using low-confidence pricing/prospectus fallback
1876183,IHS,IHS Holding Ltd,NYSE,,ordinary shares,2021-10-15,pricing_proxy,0.75,2022-10-15,0,0,0,0,not_nasdaq_exchange (NYSE),0.9,listing_date_confidence_below_0.8,,,,Nasdaq listing date unresolved; using low-confidence pricing/prospectus fallback
1531978,,"Paragon 28, Inc.",NYSE,,common stock,2021-10-18,pricing_proxy,0.75,2022-10-18,0,0,0,0,not_nasdaq_exchange (NYSE),0.9,listing_date_confidence_below_0.8,,,,issuer delisted/merged: SEC exchanges field empty; exchange taken from IPO-time 8-A12B; Nasdaq listing date unresolved; using low-confidence pricing/prospectus fallback
1754836,EIC,Eagle Point Income Co Inc.,NYSE,,preferred,2021-10-19,pricing_proxy,0.75,2022-10-19,0,0,0,0,preferred_only,0.9,listing_date_confidence_below_0.8,,,,Nasdaq listing date unresolved; using low-confidence pricing/prospectus fallback
1855302,,"Industrial Human Capital, Inc.",NYSE,,unit,2021-10-21,pricing_proxy,0.75,2022-10-21,0,0,0,0,spac_or_blank_check,0.9,listing_date_confidence_below_0.8,,,,issuer delisted/merged: SEC exchanges field empty; exchange taken from IPO-time 8-A12B; IPO-time security was Units (SPAC); CIK may now show a merged operating company; Nasdaq listing date unresolved; using low-confidence pricing/prospectus fallback
1869141,,Athena Consumer Acquisition Corp.,NYSE,,unit,2021-10-21,pricing_proxy,0.75,2022-10-21,0,0,0,0,spac_or_blank_check,0.9,listing_date_confidence_below_0.8,,,,issuer delisted/merged: SEC exchanges field empty; exchange taken from IPO-time 8-A12B; IPO-time security was Units (SPAC); CIK may now show a merged operating company; Nasdaq listing date unresolved; using low-confidence pricing/prospectus fallback
1841968,RPC,"Ridgepost Capital, Inc.",NYSE,,common stock,2021-10-22,pricing_proxy,0.75,2022-10-22,0,0,0,0,not_nasdaq_exchange (NYSE),0.9,listing_date_confidence_below_0.8,,,,Nasdaq listing date unresolved; using low-confidence pricing/prospectus fallback
1852940,,GoGreen Investments Corp,NYSE,,unit,2021-10-22,pricing_proxy,0.75,2022-10-22,0,0,0,0,spac_or_blank_check,0.9,listing_date_confidence_below_0.8,,,,issuer delisted/merged: SEC exchanges field empty; exchange taken from IPO-time 8-A12B; IPO-time security was Units (SPAC); CIK may now show a merged operating company; Nasdaq listing date unresolved; using low-confidence pricing/prospectus fallback
1868912,,"Enfusion, Inc.",NYSE,,common stock,2021-10-22,pricing_proxy,0.75,2022-10-22,0,0,0,0,not_nasdaq_exchange (NYSE),0.9,listing_date_confidence_below_0.8,,,,issuer delisted/merged: SEC exchanges field empty; exchange taken from IPO-time 8-A12B; Nasdaq listing date unresolved; using low-confidence pricing/prospectus fallback
1856589,,M3-Brigade Acquisition III Corp.,NYSE,,unit,2021-10-25,pricing_proxy,0.75,2022-10-25,0,0,0,0,spac_or_blank_check,0.9,listing_date_confidence_below_0.8,,,,issuer delisted/merged: SEC exchanges field empty; exchange taken from IPO-time 8-A12B; IPO-time security was Units (SPAC); CIK may now show a merged operating company; Nasdaq listing date unresolved; using low-confidence pricing/prospectus fallback
1858351,,Iconic Sports Acquisition Corp.,NYSE,,unit,2021-10-25,pricing_proxy,0.75,2022-10-25,0,0,0,0,spac_or_blank_check,0.9,listing_date_confidence_below_0.8,,,,issuer delisted/merged: SEC exchanges field empty; exchange taken from IPO-time 8-A12B; IPO-time security was Units (SPAC); CIK may now show a merged operating company; Nasdaq listing date unresolved; using low-confidence pricing/prospectus fallback
1861541,,Pegasus Digital Mobility Acquisition Corp.,NYSE,,unit,2021-10-25,pricing_proxy,0.75,2022-10-25,0,0,0,0,spac_or_blank_check,0.9,listing_date_confidence_below_0.8,,,,issuer delisted/merged: SEC exchanges field empty; exchange taken from IPO-time 8-A12B; IPO-time security was Units (SPAC); CIK may now show a merged operating company; Nasdaq listing date unresolved; using low-confidence pricing/prospectus fallback
1865187,,"Aris Water Solutions, Inc.",NYSE,,common stock,2021-10-25,pricing_proxy,0.75,2022-10-25,0,0,0,0,not_nasdaq_exchange (NYSE),0.9,listing_date_confidence_below_0.8,,,,issuer delisted/merged: SEC exchanges field empty; exchange taken from IPO-time 8-A12B; Nasdaq listing date unresolved; using low-confidence pricing/prospectus fallback
1868778,,Informatica Inc.,NYSE,,common stock,2021-10-27,pricing_proxy,0.75,2022-10-27,0,0,0,0,not_nasdaq_exchange (NYSE),0.9,listing_date_confidence_below_0.8,,,,issuer delisted/merged: SEC exchanges field empty; exchange taken from IPO-time 8-A12B; Nasdaq listing date unresolved; using low-confidence pricing/prospectus fallback
1848756,,Pyrophyte Acquisition Corp.,NYSE,,unit,2021-10-28,pricing_proxy,0.75,2022-10-28,0,0,0,0,spac_or_blank_check,0.9,listing_date_confidence_below_0.8,,,,issuer delisted/merged: SEC exchanges field empty; exchange taken from IPO-time 8-A12B; IPO-time security was Units (SPAC); CIK may now show a merged operating company; Nasdaq listing date unresolved; using low-confidence pricing/prospectus fallback
1870600,SBDS,"Solo Brands, Inc.",NYSE,,common stock,2021-10-29,pricing_proxy,0.75,2022-10-29,0,0,0,0,not_nasdaq_exchange (NYSE),0.9,listing_date_confidence_below_0.8,,,,Nasdaq listing date unresolved; using low-confidence pricing/prospectus fallback
1407973,SONX,"Sonendo, Inc.",NYSE,,common stock,2021-11-01,pricing_proxy,0.75,2022-11-01,0,0,0,0,not_nasdaq_exchange (NYSE),0.9,listing_date_confidence_below_0.8,,,,Nasdaq listing date unresolved; using low-confidence pricing/prospectus fallback
1846975,,SDCL EDGE Acquisition Corp,NYSE,,unit,2021-11-01,pricing_proxy,0.75,2022-11-01,0,0,0,0,spac_or_blank_check,0.9,listing_date_confidence_below_0.8,,,,issuer delisted/merged: SEC exchanges field empty; exchange taken from IPO-time 8-A12B; IPO-time security was Units (SPAC); CIK may now show a merged operating company; Nasdaq listing date unresolved; using low-confidence pricing/prospectus fallback
1859285,,HireRight Holdings Corp,NYSE,,common stock,2021-11-01,pricing_proxy,0.75,2022-11-01,0,0,0,0,not_nasdaq_exchange (NYSE),0.9,listing_date_confidence_below_0.8,,,,issuer delisted/merged: SEC exchanges field empty; exchange taken from IPO-time 8-A12B; Nasdaq listing date unresolved; using low-confidence pricing/prospectus fallback
1841230,,Trine II Acquisition Corp.,NYSE,,unit,2021-11-04,pricing_proxy,0.75,2022-11-04,0,0,0,0,spac_or_blank_check,0.9,listing_date_confidence_below_0.8,,,,issuer delisted/merged: SEC exchanges field empty; exchange taken from IPO-time 8-A12B; IPO-time security was Units (SPAC); CIK may now show a merged operating company; Nasdaq listing date unresolved; using low-confidence pricing/prospectus fallback
1860543,CDRE,"Cadre Holdings, Inc.",NYSE,,common stock,2021-11-05,pricing_proxy,0.75,2022-11-05,0,0,0,0,not_nasdaq_exchange (NYSE),0.9,listing_date_confidence_below_0.8,,,,Nasdaq listing date unresolved; using low-confidence pricing/prospectus fallback
1851961,GCTS,"GCT Semiconductor Holding, Inc.",NYSE,,unit,2021-11-05,pricing_proxy,0.75,2022-11-05,0,0,0,0,spac_or_blank_check,0.9,listing_date_confidence_below_0.8,,,,IPO-time security was Units (SPAC); CIK may now show a merged operating company; Nasdaq listing date unresolved; using low-confidence pricing/prospectus fallback
1838814,,Juniper II Corp.,NYSE,,unit,2021-11-08,pricing_proxy,0.75,2022-11-08,0,0,0,0,spac_or_blank_check,0.9,listing_date_confidence_below_0.8,,,,issuer delisted/merged: SEC exchanges field empty; exchange taken from IPO-time 8-A12B; IPO-time security was Units (SPAC); CIK may now show a merged operating company; Nasdaq listing date unresolved; using low-confidence pricing/prospectus fallback
1860879,,Rigel Resource Acquisition Corp.,NYSE,,unit,2021-11-08,pricing_proxy,0.75,2022-11-08,0,0,0,0,spac_or_blank_check,0.9,listing_date_confidence_below_0.8,,,,issuer delisted/merged: SEC exchanges field empty; exchange taken from IPO-time 8-A12B; IPO-time security was Units (SPAC); CIK may now show a merged operating company; Nasdaq listing date unresolved; using low-confidence pricing/prospectus fallback
1867752,,Cian PLC,NYSE,,ADS,2021-11-08,pricing_proxy,0.75,2022-11-08,0,0,0,0,not_nasdaq_exchange (NYSE),0.9,listing_date_confidence_below_0.8,,,,issuer delisted/merged: SEC exchanges field empty; exchange taken from IPO-time 8-A12B; Nasdaq listing date unresolved; using low-confidence pricing/prospectus fallback
1849011,,Apeiron Capital Investment Corp.,NYSE,,unit,2021-11-10,pricing_proxy,0.75,2022-11-10,0,0,0,0,spac_or_blank_check,0.9,listing_date_confidence_below_0.8,,,,issuer delisted/merged: SEC exchanges field empty; exchange taken from IPO-time 8-A12B; IPO-time security was Units (SPAC); CIK may now show a merged operating company; Nasdaq listing date unresolved; using low-confidence pricing/prospectus fallback
1850038,,Hunt Companies Acquisition Corp. I,NYSE,,unit,2021-11-10,pricing_proxy,0.75,2022-11-10,0,0,0,0,spac_or_blank_check,0.9,listing_date_confidence_below_0.8,,,,issuer delisted/merged: SEC exchanges field empty; exchange taken from IPO-time 8-A12B; IPO-time security was Units (SPAC); CIK may now show a merged operating company; Nasdaq listing date unresolved; using low-confidence pricing/prospectus fallback
1868995,CINT,CI&T Inc,NYSE,,common stock,2021-11-10,pricing_proxy,0.75,2022-11-10,0,0,0,0,not_nasdaq_exchange (NYSE),0.9,listing_date_confidence_below_0.8,,,,Nasdaq listing date unresolved; using low-confidence pricing/prospectus fallback
1609151,WEAV,"Weave Communications, Inc.",NYSE,,common stock,2021-11-12,pricing_proxy,0.75,2022-11-12,0,0,0,0,not_nasdaq_exchange (NYSE),0.9,listing_date_confidence_below_0.8,,,,Nasdaq listing date unresolved; using low-confidence pricing/prospectus fallback
1782627,,"Winc, Inc.",NYSE,,common stock,2021-11-12,pricing_proxy,0.75,2022-11-12,0,0,0,0,not_nasdaq_exchange (NYSE),0.9,listing_date_confidence_below_0.8,,,,issuer delisted/merged: SEC exchanges field empty; exchange taken from IPO-time 8-A12B; Nasdaq listing date unresolved; using low-confidence pricing/prospectus fallback
1850316,,Ascendant Digital Acquisition Corp. III,NYSE,,unit,2021-11-12,pricing_proxy,0.75,2022-11-12,0,0,0,0,spac_or_blank_check,0.9,listing_date_confidence_below_0.8,,,,issuer delisted/merged: SEC exchanges field empty; exchange taken from IPO-time 8-A12B; IPO-time security was Units (SPAC); CIK may now show a merged operating company; Nasdaq listing date unresolved; using low-confidence pricing/prospectus fallback
1854795,,INTEGRATED RAIL & RESOURCES ACQUISITION CORP,NYSE,,unit,2021-11-12,pricing_proxy,0.75,2022-11-12,0,0,0,0,spac_or_blank_check,0.9,listing_date_confidence_below_0.8,,,,issuer delisted/merged: SEC exchanges field empty; exchange taken from IPO-time 8-A12B; IPO-time security was Units (SPAC); CIK may now show a merged operating company; Nasdaq listing date unresolved; using low-confidence pricing/prospectus fallback
1870143,,Perception Capital Corp. IV,NYSE,,unit,2021-11-12,pricing_proxy,0.75,2022-11-12,0,0,0,0,spac_or_blank_check,0.9,listing_date_confidence_below_0.8,,,,issuer delisted/merged: SEC exchanges field empty; exchange taken from IPO-time 8-A12B; IPO-time security was Units (SPAC); CIK may now show a merged operating company; Nasdaq listing date unresolved; using low-confidence pricing/prospectus fallback
1557127,,"UserTesting, Inc.",NYSE,,common stock,2021-11-17,pricing_proxy,0.75,2022-11-17,0,0,0,0,not_nasdaq_exchange (NYSE),0.9,listing_date_confidence_below_0.8,,,,issuer delisted/merged: SEC exchanges field empty; exchange taken from IPO-time 8-A12B; Nasdaq listing date unresolved; using low-confidence pricing/prospectus fallback
1854458,,Nabors Energy Transition Corp.,NYSE,,unit,2021-11-18,pricing_proxy,0.75,2022-11-18,0,0,0,0,spac_or_blank_check,0.9,listing_date_confidence_below_0.8,,,,issuer delisted/merged: SEC exchanges field empty; exchange taken from IPO-time 8-A12B; IPO-time security was Units (SPAC); CIK may now show a merged operating company; Nasdaq listing date unresolved; using low-confidence pricing/prospectus fallback
1885461,,ShoulderUP Technology Acquisition Corp.,NYSE,,unit,2021-11-18,pricing_proxy,0.75,2022-11-18,0,0,0,0,spac_or_blank_check,0.9,listing_date_confidence_below_0.8,,,,issuer delisted/merged: SEC exchanges field empty; exchange taken from IPO-time 8-A12B; IPO-time security was Units (SPAC); CIK may now show a merged operating company; Nasdaq listing date unresolved; using low-confidence pricing/prospectus fallback
1477815,SG,"Sweetgreen, Inc.",NYSE,,common stock,2021-11-19,pricing_proxy,0.75,2022-11-19,0,0,0,0,not_nasdaq_exchange (NYSE),0.9,listing_date_confidence_below_0.8,,,,Nasdaq listing date unresolved; using low-confidence pricing/prospectus fallback
1862327,,Infinite Acquisition Corp.,NYSE,,unit,2021-11-23,pricing_proxy,0.75,2022-11-23,0,0,0,0,spac_or_blank_check,0.9,listing_date_confidence_below_0.8,,,,issuer delisted/merged: SEC exchanges field empty; exchange taken from IPO-time 8-A12B; IPO-time security was Units (SPAC); CIK may now show a merged operating company; Nasdaq listing date unresolved; using low-confidence pricing/prospectus fallback
1847351,,Beard Energy Transition Acquisition Corp.,NYSE,,unit,2021-11-24,pricing_proxy,0.75,2022-11-24,0,0,0,0,spac_or_blank_check,0.9,listing_date_confidence_below_0.8,,,,issuer delisted/merged: SEC exchanges field empty; exchange taken from IPO-time 8-A12B; IPO-time security was Units (SPAC); CIK may now show a merged operating company; Nasdaq listing date unresolved; using low-confidence pricing/prospectus fallback
1863719,,Everest Consolidator Acquisition Corp,NYSE,,unit,2021-11-24,pricing_proxy,0.75,2022-11-24,0,0,0,0,spac_or_blank_check,0.9,listing_date_confidence_below_0.8,,,,issuer delisted/merged: SEC exchanges field empty; exchange taken from IPO-time 8-A12B; IPO-time security was Units (SPAC); CIK may now show a merged operating company; Nasdaq listing date unresolved; using low-confidence pricing/prospectus fallback
1866390,,Babylon Holdings Ltd,NYSE,,ordinary shares,2021-11-30,pricing_proxy,0.75,2022-11-30,0,0,0,0,not_nasdaq_exchange (NYSE),0.9,listing_date_confidence_below_0.8,,,,issuer delisted/merged: SEC exchanges field empty; exchange taken from IPO-time 8-A12B; Nasdaq listing date unresolved; using low-confidence pricing/prospectus fallback
1853070,SOAR,"Volato Group, Inc.",NYSE,,unit,2021-12-02,pricing_proxy,0.75,2022-12-02,0,0,0,0,spac_or_blank_check,0.9,listing_date_confidence_below_0.8,,,,IPO-time security was Units (SPAC); CIK may now show a merged operating company; Nasdaq listing date unresolved; using low-confidence pricing/prospectus fallback
1858684,,ST Energy Transition I Ltd.,NYSE,,ordinary shares,2021-12-03,pricing_proxy,0.75,2022-12-03,0,0,0,0,spac_or_blank_check,0.9,listing_date_confidence_below_0.8,,,,issuer delisted/merged: SEC exchanges field empty; exchange taken from IPO-time 8-A12B; Nasdaq listing date unresolved; using low-confidence pricing/prospectus fallback
1885754,,Motive Capital Corp II,NYSE,,ordinary shares,2021-12-08,pricing_proxy,0.75,2022-12-08,0,0,0,0,spac_or_blank_check,0.9,listing_date_confidence_below_0.8,,,,issuer delisted/merged: SEC exchanges field empty; exchange taken from IPO-time 8-A12B; Nasdaq listing date unresolved; using low-confidence pricing/prospectus fallback
1691493,NU,Nu Holdings Ltd.,NYSE,,ordinary shares,2021-12-09,pricing_proxy,0.75,2022-12-09,0,0,0,0,not_nasdaq_exchange (NYSE),0.9,listing_date_confidence_below_0.8,,,,Nasdaq listing date unresolved; using low-confidence pricing/prospectus fallback
1877557,WELNF,Integrated Wellness Acquisition Corp,NYSE,,unit,2021-12-09,pricing_proxy,0.75,2022-12-09,0,0,0,0,spac_or_blank_check,0.9,listing_date_confidence_below_0.8,,,,IPO-time security was Units (SPAC); CIK may now show a merged operating company; Nasdaq listing date unresolved; using low-confidence pricing/prospectus fallback
1852495,,Jackson Acquisition Co,NYSE,,unit,2021-12-10,pricing_proxy,0.75,2022-12-10,0,0,0,0,spac_or_blank_check,0.9,listing_date_confidence_below_0.8,,,,issuer delisted/merged: SEC exchanges field empty; exchange taken from IPO-time 8-A12B; IPO-time security was Units (SPAC); CIK may now show a merged operating company; Nasdaq listing date unresolved; using low-confidence pricing/prospectus fallback
1853594,,Sculptor Acquisition Corp I,NYSE,,unit,2021-12-10,pricing_proxy,0.75,2022-12-10,0,0,0,0,spac_or_blank_check,0.9,listing_date_confidence_below_0.8,,,,issuer delisted/merged: SEC exchanges field empty; exchange taken from IPO-time 8-A12B; IPO-time security was Units (SPAC); CIK may now show a merged operating company; Nasdaq listing date unresolved; using low-confidence pricing/prospectus fallback
1865200,ANGX,"Angel Studios, Inc.",NYSE,,unit,2021-12-10,pricing_proxy,0.75,2022-12-10,0,0,0,0,spac_or_blank_check,0.9,listing_date_confidence_below_0.8,,,,IPO-time security was Units (SPAC); CIK may now show a merged operating company; Nasdaq listing date unresolved; using low-confidence pricing/prospectus fallback
1846750,,Zalatoris Acquisition Corp.,NYSE,,unit,2021-12-13,pricing_proxy,0.75,2022-12-13,0,0,0,0,spac_or_blank_check,0.9,listing_date_confidence_below_0.8,,,,issuer delisted/merged: SEC exchanges field empty; exchange taken from IPO-time 8-A12B; IPO-time security was Units (SPAC); CIK may now show a merged operating company; Nasdaq listing date unresolved; using low-confidence pricing/prospectus fallback
1882198,ATEK,Athena Technology Acquisition Corp. II,NYSE,,unit,2021-12-13,pricing_proxy,0.75,2022-12-13,0,0,0,0,spac_or_blank_check,0.9,listing_date_confidence_below_0.8,,,,IPO-time security was Units (SPAC); CIK may now show a merged operating company; Nasdaq listing date unresolved; using low-confidence pricing/prospectus fallback
1880343,AMZE,"AMAZE HOLDINGS, INC.",NYSE,,common stock,2021-12-14,pricing_proxy,0.75,2022-12-14,0,0,0,0,not_nasdaq_exchange (NYSE),0.9,listing_date_confidence_below_0.8,,,,Nasdaq listing date unresolved; using low-confidence pricing/prospectus fallback
1642896,IOT,Samsara Inc.,NYSE,,common stock,2021-12-15,pricing_proxy,0.75,2022-12-15,0,0,0,0,not_nasdaq_exchange (NYSE),0.9,listing_date_confidence_below_0.8,,,,Nasdaq listing date unresolved; using low-confidence pricing/prospectus fallback
1861121,,EVe Mobility Acquisition Corp,NYSE,,unit,2021-12-16,pricing_proxy,0.75,2022-12-16,0,0,0,0,spac_or_blank_check,0.9,listing_date_confidence_below_0.8,,,,issuer delisted/merged: SEC exchanges field empty; exchange taken from IPO-time 8-A12B; IPO-time security was Units (SPAC); CIK may now show a merged operating company; Nasdaq listing date unresolved; using low-confidence pricing/prospectus fallback
1864032,,Ault Disruptive Technologies Corp,NYSE,,unit,2021-12-16,pricing_proxy,0.75,2022-12-16,0,0,0,0,spac_or_blank_check,0.9,listing_date_confidence_below_0.8,,,,issuer delisted/merged: SEC exchanges field empty; exchange taken from IPO-time 8-A12B; IPO-time security was Units (SPAC); CIK may now show a merged operating company; Nasdaq listing date unresolved; using low-confidence pricing/prospectus fallback
1880441,,Battery Future Acquisition Corp.,NYSE,,unit,2021-12-17,pricing_proxy,0.75,2022-12-17,0,0,0,0,spac_or_blank_check,0.9,listing_date_confidence_below_0.8,,,,issuer delisted/merged: SEC exchanges field empty; exchange taken from IPO-time 8-A12B; IPO-time security was Units (SPAC); CIK may now show a merged operating company; Nasdaq listing date unresolved; using low-confidence pricing/prospectus fallback
1881462,,Spree Acquisition Corp. 1 Ltd,NYSE,,unit,2021-12-17,pricing_proxy,0.75,2022-12-17,0,0,0,0,spac_or_blank_check,0.9,listing_date_confidence_below_0.8,,,,issuer delisted/merged: SEC exchanges field empty; exchange taken from IPO-time 8-A12B; IPO-time security was Units (SPAC); CIK may now show a merged operating company; Nasdaq listing date unresolved; using low-confidence pricing/prospectus fallback
1862993,,AP Acquisition Corp,NYSE,,unit,2021-12-20,pricing_proxy,0.75,2022-12-20,0,0,0,0,spac_or_blank_check,0.9,listing_date_confidence_below_0.8,,,,issuer delisted/merged: SEC exchanges field empty; exchange taken from IPO-time 8-A12B; IPO-time security was Units (SPAC); CIK may now show a merged operating company; Nasdaq listing date unresolved; using low-confidence pricing/prospectus fallback
1856242,,C5 Acquisition Corp,NYSE,,unit,2022-01-10,pricing_proxy,0.75,2023-01-10,0,0,0,0,spac_or_blank_check,0.9,listing_date_confidence_below_0.8,,,,issuer delisted/merged: SEC exchanges field empty; exchange taken from IPO-time 8-A12B; IPO-time security was Units (SPAC); CIK may now show a merged operating company; Nasdaq listing date unresolved; using low-confidence pricing/prospectus fallback
1843714,ZPTA,"Zapata Quantum, Inc.",NYSE,,unit,2022-01-14,pricing_proxy,0.75,2023-01-14,0,0,0,0,spac_or_blank_check,0.9,listing_date_confidence_below_0.8,,,,IPO-time security was Units (SPAC); CIK may now show a merged operating company; Nasdaq listing date unresolved; using low-confidence pricing/prospectus fallback
1848948,,10X Capital Venture Acquisition Corp. III,NYSE,,unit,2022-01-14,pricing_proxy,0.75,2023-01-14,0,0,0,0,spac_or_blank_check,0.9,listing_date_confidence_below_0.8,,,,issuer delisted/merged: SEC exchanges field empty; exchange taken from IPO-time 8-A12B; IPO-time security was Units (SPAC); CIK may now show a merged operating company; Nasdaq listing date unresolved; using low-confidence pricing/prospectus fallback
1875493,,CSLM ACQUISITION CORP.,Nasdaq,,unit,2022-01-14,pricing_proxy,0.75,2023-01-14,0,0,0,0,spac_or_blank_check,0.9,listing_date_confidence_below_0.8,,,,issuer delisted/merged: SEC exchanges field empty; exchange taken from IPO-time 8-A12B; IPO-time security was Units (SPAC); CIK may now show a merged operating company; Nasdaq listing date unresolved; using low-confidence pricing/prospectus fallback
1852061,,Generation Asia I Acquisition Ltd,NYSE,,unit,2022-01-20,pricing_proxy,0.75,2023-01-20,0,0,0,0,spac_or_blank_check,0.9,listing_date_confidence_below_0.8,,,,issuer delisted/merged: SEC exchanges field empty; exchange taken from IPO-time 8-A12B; IPO-time security was Units (SPAC); CIK may now show a merged operating company; Nasdaq listing date unresolved; using low-confidence pricing/prospectus fallback
1852633,,"Pinstripes Holdings, Inc.",NYSE,,unit,2022-01-21,pricing_proxy,0.75,2023-01-21,0,0,0,0,spac_or_blank_check,0.9,listing_date_confidence_below_0.8,,,,issuer delisted/merged: SEC exchanges field empty; exchange taken from IPO-time 8-A12B; IPO-time security was Units (SPAC); CIK may now show a merged operating company; Nasdaq listing date unresolved; using low-confidence pricing/prospectus fallback
1850529,,Heartland Media Acquisition Corp.,NYSE,,unit,2022-01-24,pricing_proxy,0.75,2023-01-24,0,0,0,0,spac_or_blank_check,0.9,listing_date_confidence_below_0.8,,,,issuer delisted/merged: SEC exchanges field empty; exchange taken from IPO-time 8-A12B; IPO-time security was Units (SPAC); CIK may now show a merged operating company; Nasdaq listing date unresolved; using low-confidence pricing/prospectus fallback
1885444,,KnightSwan Acquisition Corp,NYSE,,unit,2022-01-24,pricing_proxy,0.75,2023-01-24,0,0,0,0,spac_or_blank_check,0.9,listing_date_confidence_below_0.8,,,,issuer delisted/merged: SEC exchanges field empty; exchange taken from IPO-time 8-A12B; IPO-time security was Units (SPAC); CIK may now show a merged operating company; Nasdaq listing date unresolved; using low-confidence pricing/prospectus fallback
1863099,,Kimbell Tiger Acquisition Corp,NYSE,,unit,2022-02-04,pricing_proxy,0.75,2023-02-04,0,0,0,0,spac_or_blank_check,0.9,listing_date_confidence_below_0.8,,,,issuer delisted/merged: SEC exchanges field empty; exchange taken from IPO-time 8-A12B; IPO-time security was Units (SPAC); CIK may now show a merged operating company; Nasdaq listing date unresolved; using low-confidence pricing/prospectus fallback
1842556,EONR,EON Resources Inc.,NYSE,,unit,2022-02-14,pricing_proxy,0.75,2023-02-14,0,0,0,0,spac_or_blank_check,0.9,listing_date_confidence_below_0.8,,,,IPO-time security was Units (SPAC); CIK may now show a merged operating company; Nasdaq listing date unresolved; using low-confidence pricing/prospectus fallback
894871,AREN,"Arena Group Holdings, Inc.",NYSE,,common stock,2022-02-14,pricing_proxy,0.75,2023-02-14,0,0,0,0,not_nasdaq_exchange (NYSE),0.9,listing_date_confidence_below_0.8,,,,Nasdaq listing date unresolved; using low-confidence pricing/prospectus fallback
1898019,,AXIOS Sustainable Growth Acquisition Corp,NYSE,,unit,2022-02-17,pricing_proxy,0.75,2023-02-17,0,0,0,0,spac_or_blank_check,0.9,listing_date_confidence_below_0.8,,,,issuer delisted/merged: SEC exchanges field empty; exchange taken from IPO-time 8-A12B; IPO-time security was Units (SPAC); CIK may now show a merged operating company; Nasdaq listing date unresolved; using low-confidence pricing/prospectus fallback
1899287,AMPX,"Amprius Technologies, Inc.",NYSE,,unit,2022-03-02,pricing_proxy,0.75,2023-03-02,0,0,0,0,spac_or_blank_check,0.9,listing_date_confidence_below_0.8,,,,IPO-time security was Units (SPAC); CIK may now show a merged operating company; Nasdaq listing date unresolved; using low-confidence pricing/prospectus fallback
1005101,MGLD,"Marygold Companies, Inc.",NYSE,,common stock,2022-03-11,pricing_proxy,0.75,2023-03-11,0,0,0,0,not_nasdaq_exchange (NYSE),0.9,listing_date_confidence_below_0.8,,,,Nasdaq listing date unresolved; using low-confidence pricing/prospectus fallback
1847806,GNS,Genius Group Ltd,NYSE,,ordinary shares,2022-04-12,pricing_proxy,0.75,2023-04-12,0,0,0,0,not_nasdaq_exchange (NYSE),0.9,listing_date_confidence_below_0.8,,,,Nasdaq listing date unresolved; using low-confidence pricing/prospectus fallback
1888447,EE,"Excelerate Energy, Inc.",NYSE,,common stock,2022-04-14,pricing_proxy,0.75,2023-04-14,0,0,0,0,not_nasdaq_exchange (NYSE),0.9,listing_date_confidence_below_0.8,,,,Nasdaq listing date unresolved; using low-confidence pricing/prospectus fallback
1817740,AUST,Austin Gold Corp.,NYSE,,common stock,2022-05-05,pricing_proxy,0.75,2023-05-05,0,0,0,0,not_nasdaq_exchange (NYSE),0.9,listing_date_confidence_below_0.8,,,,Nasdaq listing date unresolved; using low-confidence pricing/prospectus fallback
1860742,BLCO,Bausch & Lomb Corp,NYSE,,common stock,2022-05-06,pricing_proxy,0.75,2023-05-06,0,0,0,0,not_nasdaq_exchange (NYSE),0.9,listing_date_confidence_below_0.8,,,,Nasdaq listing date unresolved; using low-confidence pricing/prospectus fallback
1419828,,GS Finance Corp.,NYSE,,debt,2022-05-24,pricing_proxy,0.75,2023-05-24,0,0,0,0,debt_only,0.9,listing_date_confidence_below_0.8,,,,issuer delisted/merged: SEC exchanges field empty; exchange taken from IPO-time 8-A12B; Nasdaq listing date unresolved; using low-confidence pricing/prospectus fallback
886982,GS,GOLDMAN SACHS GROUP INC,NYSE,,debt,2022-05-24,pricing_proxy,0.75,2023-05-24,0,0,0,0,debt_only,0.9,listing_date_confidence_below_0.8,,,,Nasdaq listing date unresolved; using low-confidence pricing/prospectus fallback
1831096,GEG,"Great Elm Group, Inc.",Nasdaq,Global Select,debt,2022-06-09,pricing_proxy,0.75,2023-06-09,0,0,0,0,debt_only,0.9,listing_date_confidence_below_0.8,,,,Nasdaq listing date unresolved; using low-confidence pricing/prospectus fallback
1879016,IE,Ivanhoe Electric Inc.,NYSE,,common stock,2022-06-29,pricing_proxy,0.75,2023-06-29,0,0,0,0,not_nasdaq_exchange (NYSE),0.9,listing_date_confidence_below_0.8,,,,Nasdaq listing date unresolved; using low-confidence pricing/prospectus fallback
1878313,MAIA,"MAIA Biotechnology, Inc.",NYSE,,common stock,2022-07-29,pricing_proxy,0.75,2023-07-29,0,0,0,0,not_nasdaq_exchange (NYSE),0.9,listing_date_confidence_below_0.8,,,,Nasdaq listing date unresolved; using low-confidence pricing/prospectus fallback
1816723,GRFXF,Graphex Group Ltd,NYSE,,ADS,2022-08-17,pricing_proxy,0.75,2023-08-17,0,0,0,0,not_nasdaq_exchange (NYSE),0.9,listing_date_confidence_below_0.8,,,,Nasdaq listing date unresolved; using low-confidence pricing/prospectus fallback
1889539,CRBG,"Corebridge Financial, Inc.",NYSE,,common stock,2022-09-16,pricing_proxy,0.75,2023-09-16,0,0,0,0,not_nasdaq_exchange (NYSE),0.9,listing_date_confidence_below_0.8,,,,Nasdaq listing date unresolved; using low-confidence pricing/prospectus fallback
1074828,USBC,"USBC, Inc.",NYSE,,common stock,2022-09-19,pricing_proxy,0.75,2023-09-19,0,0,0,0,not_nasdaq_exchange (NYSE),0.9,listing_date_confidence_below_0.8,,,,Nasdaq listing date unresolved; using low-confidence pricing/prospectus fallback
1643988,,"Loop Media, Inc.",NYSE,,common stock,2022-09-23,pricing_proxy,0.75,2023-09-23,0,0,0,0,not_nasdaq_exchange (NYSE),0.9,listing_date_confidence_below_0.8,,,,issuer delisted/merged: SEC exchanges field empty; exchange taken from IPO-time 8-A12B; Nasdaq listing date unresolved; using low-confidence pricing/prospectus fallback
1915380,,"dMY Squared Technology Group, Inc.",NYSE,,unit,2022-10-03,pricing_proxy,0.75,2023-10-03,0,0,0,0,spac_or_blank_check,0.9,listing_date_confidence_below_0.8,,,,issuer delisted/merged: SEC exchanges field empty; exchange taken from IPO-time 8-A12B; IPO-time security was Units (SPAC); CIK may now show a merged operating company; Nasdaq listing date unresolved; using low-confidence pricing/prospectus fallback
1877939,CTM,"Castellum, Inc.",NYSE,,common stock,2022-10-14,pricing_proxy,0.75,2023-10-14,0,0,0,0,not_nasdaq_exchange (NYSE),0.9,listing_date_confidence_below_0.8,,,,Nasdaq listing date unresolved; using low-confidence pricing/prospectus fallback
1756499,,mCloud Technologies Corp.,Nasdaq,,preferred,2022-12-28,pricing_proxy,0.75,2023-12-28,0,0,0,0,preferred_only,0.9,listing_date_confidence_below_0.8,,,,issuer delisted/merged: SEC exchanges field empty; exchange taken from IPO-time 8-A12B; Nasdaq listing date unresolved; using low-confidence pricing/prospectus fallback
1559432,TXO,"TXO Partners, L.P.",NYSE,,common stock (unverified),2023-01-27,pricing_proxy,0.75,2024-01-27,0,0,0,0,limited_partnership,0.9,listing_date_confidence_below_0.8,,,,security_type inferred from issuer type; no 8-A12B/listing record parsed; Nasdaq listing date unresolved; using low-confidence pricing/prospectus fallback
1859686,,SilverBox Corp III,NYSE,,unit,2023-03-01,pricing_proxy,0.75,2024-03-01,0,0,0,0,spac_or_blank_check,0.9,listing_date_confidence_below_0.8,,,,issuer delisted/merged: SEC exchanges field empty; exchange taken from IPO-time 8-A12B; IPO-time security was Units (SPAC); CIK may now show a merged operating company; Nasdaq listing date unresolved; using low-confidence pricing/prospectus fallback
1910950,,AESI Holdings Inc.,NYSE,,common stock,2023-03-10,pricing_proxy,0.75,2024-03-10,0,0,0,0,not_nasdaq_exchange (NYSE),0.9,listing_date_confidence_below_0.8,,,,issuer delisted/merged: SEC exchanges field empty; exchange taken from IPO-time 8-A12B; Nasdaq listing date unresolved; using low-confidence pricing/prospectus fallback
1959455,HSHP,Himalaya Shipping Ltd.,NYSE,,common stock,2023-04-03,pricing_proxy,0.75,2024-04-03,0,0,0,0,not_nasdaq_exchange (NYSE),0.9,listing_date_confidence_below_0.8,,,,Nasdaq listing date unresolved; using low-confidence pricing/prospectus fallback
1941500,MWG,Multi Ways Holdings Ltd,NYSE,,ordinary shares,2023-04-05,pricing_proxy,0.75,2024-04-05,0,0,0,0,not_nasdaq_exchange (NYSE),0.9,listing_date_confidence_below_0.8,,,,Nasdaq listing date unresolved; using low-confidence pricing/prospectus fallback
1898766,TPET,Trio Petroleum Corp,NYSE,,common stock,2023-04-19,pricing_proxy,0.75,2024-04-19,0,0,0,0,not_nasdaq_exchange (NYSE),0.9,listing_date_confidence_below_0.8,,,,Nasdaq listing date unresolved; using low-confidence pricing/prospectus fallback
1853138,KDK,"Kodiak AI, Inc.",NYSE,Global Market,unit,2023-04-24,pricing_proxy,0.75,2024-04-24,0,0,0,0,spac_or_blank_check,0.9,listing_date_confidence_below_0.8,,,,IPO-time security was Units (SPAC); CIK may now show a merged operating company; Nasdaq listing date unresolved; using low-confidence pricing/prospectus fallback
1944048,KVUE,Kenvue Inc.,NYSE,,common stock,2023-05-04,pricing_proxy,0.75,2024-05-04,0,0,0,0,not_nasdaq_exchange (NYSE),0.9,listing_date_confidence_below_0.8,,,,Nasdaq listing date unresolved; using low-confidence pricing/prospectus fallback
1921963,ATMU,Atmus Filtration Technologies Inc.,NYSE,,common stock,2023-05-26,pricing_proxy,0.75,2024-05-26,0,0,0,0,not_nasdaq_exchange (NYSE),0.9,listing_date_confidence_below_0.8,,,,Nasdaq listing date unresolved; using low-confidence pricing/prospectus fallback
1639438,CAVA,"CAVA GROUP, INC.",NYSE,,common stock,2023-06-16,pricing_proxy,0.75,2024-06-16,0,0,0,0,not_nasdaq_exchange (NYSE),0.9,listing_date_confidence_below_0.8,,,,Nasdaq listing date unresolved; using low-confidence pricing/prospectus fallback
1701478,AZTR,"Azitra, Inc.",NYSE,,common stock,2023-06-21,pricing_proxy,0.75,2024-06-21,0,0,0,0,not_nasdaq_exchange (NYSE),0.9,listing_date_confidence_below_0.8,,,,Nasdaq listing date unresolved; using low-confidence pricing/prospectus fallback
1502292,PRHI,"Presurance Holdings, Inc.",Nasdaq,Capital Market,debt,2023-06-26,pricing_proxy,0.75,2024-06-26,0,0,0,0,debt_only,0.9,listing_date_confidence_below_0.8,,,,Nasdaq listing date unresolved; using low-confidence pricing/prospectus fallback
1636639,PLGO,Pelagos Insurance Capital Ltd,NYSE,,common stock,2023-06-30,pricing_proxy,0.75,2024-06-30,0,0,0,0,not_nasdaq_exchange (NYSE),0.9,listing_date_confidence_below_0.8,,,,Nasdaq listing date unresolved; using low-confidence pricing/prospectus fallback
1767042,KGS,"Kodiak Gas Services, Inc.",NYSE,,common stock,2023-06-30,pricing_proxy,0.75,2024-06-30,0,0,0,0,not_nasdaq_exchange (NYSE),0.9,listing_date_confidence_below_0.8,,,,Nasdaq listing date unresolved; using low-confidence pricing/prospectus fallback
1883313,SVV,"Savers Value Village, Inc.",NYSE,,common stock,2023-06-30,pricing_proxy,0.75,2024-06-30,0,0,0,0,not_nasdaq_exchange (NYSE),0.9,listing_date_confidence_below_0.8,,,,Nasdaq listing date unresolved; using low-confidence pricing/prospectus fallback
1969373,VTMX,"Vesta Real Estate Corporation, S.A.B. de C.V.",NYSE,,ADS,2023-06-30,pricing_proxy,0.75,2024-06-30,0,0,0,0,not_nasdaq_exchange (NYSE),0.9,listing_date_confidence_below_0.8,,,,Nasdaq listing date unresolved; using low-confidence pricing/prospectus fallback
1936224,SRFM,SURF AIR MOBILITY INC.,NYSE,,common stock,2023-07-26,pricing_proxy,0.75,2024-07-26,0,0,0,0,not_nasdaq_exchange (NYSE),0.9,listing_date_confidence_below_0.8,,,,Nasdaq listing date unresolved; using low-confidence pricing/prospectus fallback
1970509,,Haymaker Acquisition Corp. 4,NYSE,,unit,2023-07-26,pricing_proxy,0.75,2024-07-26,0,0,0,0,spac_or_blank_check,0.9,listing_date_confidence_below_0.8,,,,issuer delisted/merged: SEC exchanges field empty; exchange taken from IPO-time 8-A12B; IPO-time security was Units (SPAC); CIK may now show a merged operating company; Nasdaq listing date unresolved; using low-confidence pricing/prospectus fallback
1675033,GECC,Great Elm Capital Corp.,Nasdaq,Global Market,debt,2023-08-09,pricing_proxy,0.75,2024-08-09,0,0,0,0,debt_only,0.9,listing_date_confidence_below_0.8,,,,Nasdaq listing date unresolved; using low-confidence pricing/prospectus fallback
1933567,NRXS,"Neuraxis, INC",NYSE,,common stock,2023-08-11,pricing_proxy,0.75,2024-08-11,0,0,0,0,not_nasdaq_exchange (NYSE),0.9,listing_date_confidence_below_0.8,,,,Nasdaq listing date unresolved; using low-confidence pricing/prospectus fallback
1835830,KVYO,"Klaviyo, Inc.",NYSE,,common stock,2023-09-20,pricing_proxy,0.75,2024-09-20,0,0,0,0,not_nasdaq_exchange (NYSE),0.9,listing_date_confidence_below_0.8,,,,Nasdaq listing date unresolved; using low-confidence pricing/prospectus fallback
1089907,SWKH,SWK Holdings Corp,Nasdaq,,debt,2023-09-29,pricing_proxy,0.75,2024-09-29,0,0,0,0,debt_only,0.9,listing_date_confidence_below_0.8,,,,Nasdaq listing date unresolved; using low-confidence pricing/prospectus fallback
1977102,BIRK,Birkenstock Holding plc,NYSE,,ordinary shares,2023-10-12,pricing_proxy,0.75,2024-10-12,0,0,0,0,not_nasdaq_exchange (NYSE),0.9,listing_date_confidence_below_0.8,,,,Nasdaq listing date unresolved; using low-confidence pricing/prospectus fallback
1923780,NCL,Northann Corp.,NYSE,,common stock,2023-10-20,pricing_proxy,0.75,2024-10-20,0,0,0,0,not_nasdaq_exchange (NYSE),0.9,listing_date_confidence_below_0.8,,,,Nasdaq listing date unresolved; using low-confidence pricing/prospectus fallback
1980088,MNR,MACH NATURAL RESOURCES LP,NYSE,,common stock (unverified),2023-10-26,pricing_proxy,0.75,2024-10-26,0,0,0,0,limited_partnership,0.9,listing_date_confidence_below_0.8,,,,security_type inferred from issuer type; no 8-A12B/listing record parsed; Nasdaq listing date unresolved; using low-confidence pricing/prospectus fallback
1593275,HG,"Hamilton Insurance Group, Ltd.",NYSE,,common stock,2023-11-13,pricing_proxy,0.75,2024-11-13,0,0,0,0,not_nasdaq_exchange (NYSE),0.9,listing_date_confidence_below_0.8,,,,Nasdaq listing date unresolved; using low-confidence pricing/prospectus fallback
1898474,,"Signing Day Sports, Inc.",NYSE,,common stock,2023-11-15,pricing_proxy,0.75,2024-11-15,0,0,0,0,not_nasdaq_exchange (NYSE),0.9,listing_date_confidence_below_0.8,,,,issuer delisted/merged: SEC exchanges field empty; exchange taken from IPO-time 8-A12B; Nasdaq listing date unresolved; using low-confidence pricing/prospectus fallback
1808110,DDC,DDC Enterprise Ltd,NYSE,,ordinary shares,2023-11-20,pricing_proxy,0.75,2024-11-20,0,0,0,0,not_nasdaq_exchange (NYSE),0.9,listing_date_confidence_below_0.8,,,,Nasdaq listing date unresolved; using low-confidence pricing/prospectus fallback
1995413,,COLOMBIER ACQUISITION CORP. II,NYSE,,unit,2023-11-22,pricing_proxy,0.75,2024-11-22,0,0,0,0,spac_or_blank_check,0.9,listing_date_confidence_below_0.8,,,,issuer delisted/merged: SEC exchanges field empty; exchange taken from IPO-time 8-A12B; IPO-time security was Units (SPAC); CIK may now show a merged operating company; Nasdaq listing date unresolved; using low-confidence pricing/prospectus fallback
1934850,FG,"F&G Annuities & Life, Inc.",NYSE,,debt,2023-11-30,pricing_proxy,0.75,2024-11-30,0,0,0,0,debt_only,0.9,listing_date_confidence_below_0.8,,,,Nasdaq listing date unresolved; using low-confidence pricing/prospectus fallback
1862044,ZKH,ZKH Group Ltd,NYSE,,ADS,2023-12-15,pricing_proxy,0.75,2024-12-15,0,0,0,0,not_nasdaq_exchange (NYSE),0.9,listing_date_confidence_below_0.8,,,,Nasdaq listing date unresolved; using low-confidence pricing/prospectus fallback
1443611,,SinglePoint Inc.,Cboe,Global Market,common stock,2023-12-18,pricing_proxy,0.75,2024-12-18,0,0,0,0,not_nasdaq_exchange (Cboe),0.9,listing_date_confidence_below_0.8,,,,issuer delisted/merged: SEC exchanges field empty; exchange taken from IPO-time 8-A12B; Nasdaq listing date unresolved; using low-confidence pricing/prospectus fallback
1982518,SDHC,Smith Douglas Homes Corp.,NYSE,,common stock,2024-01-12,pricing_proxy,0.75,2025-01-12,0,0,0,0,not_nasdaq_exchange (NYSE),0.9,listing_date_confidence_below_0.8,,,,Nasdaq listing date unresolved; using low-confidence pricing/prospectus fallback
1976443,SYNX,Silynxcom Ltd.,NYSE,,ordinary shares,2024-01-16,pricing_proxy,0.75,2025-01-16,0,0,0,0,not_nasdaq_exchange (NYSE),0.9,listing_date_confidence_below_0.8,,,,Nasdaq listing date unresolved; using low-confidence pricing/prospectus fallback
1794776,PSBD,Palmer Square Capital BDC Inc.,NYSE,,common stock,2024-01-18,pricing_proxy,0.75,2025-01-18,0,0,0,0,not_nasdaq_exchange (NYSE),0.9,listing_date_confidence_below_0.8,,,,Nasdaq listing date unresolved; using low-confidence pricing/prospectus fallback
1737924,NCDL,Nuveen Churchill Direct Lending Corp.,NYSE,,common stock,2024-01-26,pricing_proxy,0.75,2025-01-26,0,0,0,0,not_nasdaq_exchange (NYSE),0.9,listing_date_confidence_below_0.8,,,,Nasdaq listing date unresolved; using low-confidence pricing/prospectus fallback
1988894,AS,"Amer Sports, Inc.",NYSE,,ordinary shares,2024-02-02,pricing_proxy,0.75,2025-02-02,0,0,0,0,not_nasdaq_exchange (NYSE),0.9,listing_date_confidence_below_0.8,,,,Nasdaq listing date unresolved; using low-confidence pricing/prospectus fallback
1999480,ANRO,"Alto Neuroscience, Inc.",NYSE,,common stock,2024-02-05,pricing_proxy,0.75,2025-02-05,0,0,0,0,not_nasdaq_exchange (NYSE),0.9,listing_date_confidence_below_0.8,,,,Nasdaq listing date unresolved; using low-confidence pricing/prospectus fallback
2002038,LEGT,Legato Merger Corp. III,NYSE,,unit,2024-02-06,pricing_proxy,0.75,2025-02-06,0,0,0,0,spac_or_blank_check,0.9,listing_date_confidence_below_0.8,,,,IPO-time security was Units (SPAC); CIK may now show a merged operating company; Nasdaq listing date unresolved; using low-confidence pricing/prospectus fallback
1632970,AHR,"American Healthcare REIT, Inc.",NYSE,,common stock,2024-02-08,pricing_proxy,0.75,2025-02-08,0,0,0,0,fund_or_etf_etp,0.9,listing_date_confidence_below_0.8,,,,Nasdaq listing date unresolved; using low-confidence pricing/prospectus fallback
1978954,TBBB,BBB FOODS INC,NYSE,,common stock,2024-02-09,pricing_proxy,0.75,2025-02-09,0,0,0,0,not_nasdaq_exchange (NYSE),0.9,listing_date_confidence_below_0.8,,,,Nasdaq listing date unresolved; using low-confidence pricing/prospectus fallback
1956955,UMAC,"Unusual Machines, Inc.",NYSE,,common stock,2024-02-15,pricing_proxy,0.75,2025-02-15,0,0,0,0,not_nasdaq_exchange (NYSE),0.9,listing_date_confidence_below_0.8,,,,Nasdaq listing date unresolved; using low-confidence pricing/prospectus fallback
1919246,PTHS,Pelthos Therapeutics Inc.,NYSE,,common stock,2024-02-20,pricing_proxy,0.75,2025-02-20,0,0,0,0,not_nasdaq_exchange (NYSE),0.9,listing_date_confidence_below_0.8,,,,Nasdaq listing date unresolved; using low-confidence pricing/prospectus fallback
1880431,VHAI,Vocodia Holdings Corp,Cboe,,common stock,2024-02-23,pricing_proxy,0.75,2025-02-23,0,0,0,0,not_nasdaq_exchange (Cboe),0.9,listing_date_confidence_below_0.8,,,,Nasdaq listing date unresolved; using low-confidence pricing/prospectus fallback
1971115,RYDE,Ryde Group Ltd,NYSE,,ordinary shares,2024-03-07,pricing_proxy,0.75,2025-03-07,0,0,0,0,not_nasdaq_exchange (NYSE),0.9,listing_date_confidence_below_0.8,,,,Nasdaq listing date unresolved; using low-confidence pricing/prospectus fallback
1713445,RDDT,"Reddit, Inc.",NYSE,,common stock,2024-03-21,pricing_proxy,0.75,2025-03-21,0,0,0,0,not_nasdaq_exchange (NYSE),0.9,listing_date_confidence_below_0.8,,,,Nasdaq listing date unresolved; using low-confidence pricing/prospectus fallback
1799207,AUNA,AUNA S.A.,NYSE,,ordinary shares,2024-03-25,pricing_proxy,0.75,2025-03-25,0,0,0,0,not_nasdaq_exchange (NYSE),0.9,listing_date_confidence_below_0.8,,,,Nasdaq listing date unresolved; using low-confidence pricing/prospectus fallback
1981519,MMA,MIXED MARTIAL ARTS GROUP LTD,NYSE,,ordinary shares,2024-03-28,pricing_proxy,0.75,2025-03-28,0,0,0,0,not_nasdaq_exchange (NYSE),0.9,listing_date_confidence_below_0.8,,,,Nasdaq listing date unresolved; using low-confidence pricing/prospectus fallback
2001184,PACS,"PACS Group, Inc.",NYSE,,common stock,2024-04-12,pricing_proxy,0.75,2025-04-12,0,0,0,0,not_nasdaq_exchange (NYSE),0.9,listing_date_confidence_below_0.8,,,,Nasdaq listing date unresolved; using low-confidence pricing/prospectus fallback
1901440,ULS,UL Solutions Inc.,NYSE,,common stock,2024-04-15,pricing_proxy,0.75,2025-04-15,0,0,0,0,not_nasdaq_exchange (NYSE),0.9,listing_date_confidence_below_0.8,,,,Nasdaq listing date unresolved; using low-confidence pricing/prospectus fallback
1538379,IBTA,"Ibotta, Inc.",NYSE,,common stock,2024-04-18,pricing_proxy,0.75,2025-04-18,0,0,0,0,not_nasdaq_exchange (NYSE),0.9,listing_date_confidence_below_0.8,,,,Nasdaq listing date unresolved; using low-confidence pricing/prospectus fallback
1981599,CTRI,"Centuri Holdings, Inc.",NYSE,,common stock,2024-04-18,pricing_proxy,0.75,2025-04-18,0,0,0,0,not_nasdaq_exchange (NYSE),0.9,listing_date_confidence_below_0.8,,,,Nasdaq listing date unresolved; using low-confidence pricing/prospectus fallback
1943896,RBRK,"Rubrik, Inc.",NYSE,,common stock,2024-04-26,pricing_proxy,0.75,2025-04-26,0,0,0,0,not_nasdaq_exchange (NYSE),0.9,listing_date_confidence_below_0.8,,,,Nasdaq listing date unresolved; using low-confidence pricing/prospectus fallback
2000178,LOAR,Loar Holdings Inc.,NYSE,,common stock,2024-04-26,pricing_proxy,0.75,2025-04-26,0,0,0,0,not_nasdaq_exchange (NYSE),0.9,listing_date_confidence_below_0.8,,,,Nasdaq listing date unresolved; using low-confidence pricing/prospectus fallback
1956741,ZONE,"CleanCore Solutions, Inc.",NYSE,,common stock,2024-04-30,pricing_proxy,0.75,2025-04-30,0,0,0,0,not_nasdaq_exchange (NYSE),0.9,listing_date_confidence_below_0.8,,,,Nasdaq listing date unresolved; using low-confidence pricing/prospectus fallback
1745201,VIK,Viking Holdings Ltd,NYSE,,ordinary shares,2024-05-02,pricing_proxy,0.75,2025-05-02,0,0,0,0,not_nasdaq_exchange (NYSE),0.9,listing_date_confidence_below_0.8,,,,Nasdaq listing date unresolved; using low-confidence pricing/prospectus fallback
1954042,,ZEEKR Intelligent Technology Holding Ltd,NYSE,,ADS,2024-05-10,pricing_proxy,0.75,2025-05-10,0,0,0,0,not_nasdaq_exchange (NYSE),0.9,listing_date_confidence_below_0.8,,,,issuer delisted/merged: SEC exchanges field empty; exchange taken from IPO-time 8-A12B; Nasdaq listing date unresolved; using low-confidence pricing/prospectus fallback
1634117,BNED,"Barnes & Noble Education, Inc.",NYSE,,right,2024-05-15,pricing_proxy,0.75,2025-05-15,0,0,0,0,right_security,0.9,listing_date_confidence_below_0.8,,,,Nasdaq listing date unresolved; using low-confidence pricing/prospectus fallback
1747172,KBDC,"Kayne Anderson BDC, Inc.",NYSE,,common stock,2024-05-23,pricing_proxy,0.75,2025-05-23,0,0,0,0,not_nasdaq_exchange (NYSE),0.9,listing_date_confidence_below_0.8,,,,Nasdaq listing date unresolved; using low-confidence pricing/prospectus fallback
2002473,BOW,Bowhead Specialty Holdings Inc.,NYSE,,common stock,2024-05-24,pricing_proxy,0.75,2025-05-24,0,0,0,0,not_nasdaq_exchange (NYSE),0.9,listing_date_confidence_below_0.8,,,,Nasdaq listing date unresolved; using low-confidence pricing/prospectus fallback
2016420,,Chenghe Acquisition II Co.,NYSE,,unit,2024-06-07,pricing_proxy,0.75,2025-06-07,0,0,0,0,spac_or_blank_check,0.9,listing_date_confidence_below_0.8,,,,issuer delisted/merged: SEC exchanges field empty; exchange taken from IPO-time 8-A12B; IPO-time security was Units (SPAC); CIK may now show a merged operating company; Nasdaq listing date unresolved; using low-confidence pricing/prospectus fallback
1930147,SPMC,"Sound Point Meridian Capital, Inc.",NYSE,,common stock,2024-06-18,pricing_proxy,0.75,2025-06-18,0,0,0,0,not_nasdaq_exchange (NYSE),0.9,listing_date_confidence_below_0.8,,,,Nasdaq listing date unresolved; using low-confidence pricing/prospectus fallback
1897463,GRAF,Graf Global Corp.,NYSE,,unit,2024-06-27,pricing_proxy,0.75,2025-06-27,0,0,0,0,spac_or_blank_check,0.9,listing_date_confidence_below_0.8,,,,IPO-time security was Units (SPAC); CIK may now show a merged operating company; Nasdaq listing date unresolved; using low-confidence pricing/prospectus fallback
1997652,TBN,Tamboran Resources Corp,NYSE,,common stock,2024-06-27,pricing_proxy,0.75,2025-06-27,0,0,0,0,not_nasdaq_exchange (NYSE),0.9,listing_date_confidence_below_0.8,,,,Nasdaq listing date unresolved; using low-confidence pricing/prospectus fallback
1995807,LB,LandBridge Co LLC,NYSE,,common stock,2024-06-28,pricing_proxy,0.75,2025-06-28,0,0,0,0,fund_or_etf_etp,0.9,listing_date_confidence_below_0.8,,,,Nasdaq listing date unresolved; using low-confidence pricing/prospectus fallback
1756655,ARDT,"Ardent Health, Inc.",NYSE,,common stock,2024-07-18,pricing_proxy,0.75,2025-07-18,0,0,0,0,not_nasdaq_exchange (NYSE),0.9,listing_date_confidence_below_0.8,,,,Nasdaq listing date unresolved; using low-confidence pricing/prospectus fallback
1998043,PDCC,Pearl Diver Credit Co Inc.,NYSE,,common stock,2024-07-19,pricing_proxy,0.75,2025-07-19,0,0,0,0,not_nasdaq_exchange (NYSE),0.9,listing_date_confidence_below_0.8,,,,Nasdaq listing date unresolved; using low-confidence pricing/prospectus fallback
1852551,NVA,Nova Minerals Ltd,NYSE,Capital Market,ADS,2024-07-24,pricing_proxy,0.75,2025-07-24,0,0,0,0,not_nasdaq_exchange (NYSE),0.9,listing_date_confidence_below_0.8,,,,Nasdaq listing date unresolved; using low-confidence pricing/prospectus fallback
2014596,CON,"Concentra Group Holdings Parent, Inc.",NYSE,,common stock,2024-07-26,pricing_proxy,0.75,2025-07-26,0,0,0,0,not_nasdaq_exchange (NYSE),0.9,listing_date_confidence_below_0.8,,,,Nasdaq listing date unresolved; using low-confidence pricing/prospectus fallback
1795091,OSTX,OS Therapies Inc,NYSE,,common stock,2024-08-01,pricing_proxy,0.75,2025-08-01,0,0,0,0,not_nasdaq_exchange (NYSE),0.9,listing_date_confidence_below_0.8,,,,Nasdaq listing date unresolved; using low-confidence pricing/prospectus fallback
2012964,,AA Mission Acquisition Corp.,NYSE,,unit,2024-08-02,pricing_proxy,0.75,2025-08-02,0,0,0,0,spac_or_blank_check,0.9,listing_date_confidence_below_0.8,,,,issuer delisted/merged: SEC exchanges field empty; exchange taken from IPO-time 8-A12B; IPO-time security was Units (SPAC); CIK may now show a merged operating company; Nasdaq listing date unresolved; using low-confidence pricing/prospectus fallback
2021042,,Presidio MidCo Inc.,NYSE,,unit,2024-08-08,pricing_proxy,0.75,2025-08-08,0,0,0,0,spac_or_blank_check,0.9,listing_date_confidence_below_0.8,,,,issuer delisted/merged: SEC exchanges field empty; exchange taken from IPO-time 8-A12B; IPO-time security was Units (SPAC); CIK may now show a merged operating company; Nasdaq listing date unresolved; using low-confidence pricing/prospectus fallback
2015947,SBXD,SilverBox Corp IV,NYSE,,unit,2024-08-16,pricing_proxy,0.75,2025-08-16,0,0,0,0,spac_or_blank_check,0.9,listing_date_confidence_below_0.8,,,,IPO-time security was Units (SPAC); CIK may now show a merged operating company; Nasdaq listing date unresolved; using low-confidence pricing/prospectus fallback
1948864,HCWC,HEALTHY CHOICE WELLNESS CORP.,NYSE,,common stock,2024-09-16,pricing_proxy,0.75,2025-09-16,0,0,0,0,not_nasdaq_exchange (NYSE),0.9,listing_date_confidence_below_0.8,,,,Nasdaq listing date unresolved; using low-confidence pricing/prospectus fallback
1834105,IBO,IMPACT BIOMEDICAL INC.,NYSE,,common stock,2024-09-17,pricing_proxy,0.75,2025-09-17,0,0,0,0,not_nasdaq_exchange (NYSE),0.9,listing_date_confidence_below_0.8,,,,Nasdaq listing date unresolved; using low-confidence pricing/prospectus fallback
1962011,KAPA,"Kairos Pharma, LTD.",NYSE,,common stock,2024-09-17,pricing_proxy,0.75,2025-09-17,0,0,0,0,not_nasdaq_exchange (NYSE),0.9,listing_date_confidence_below_0.8,,,,Nasdaq listing date unresolved; using low-confidence pricing/prospectus fallback
1802255,GRDN,"Guardian Pharmacy Services, Inc.",NYSE,,common stock,2024-09-26,pricing_proxy,0.75,2025-09-26,0,0,0,0,not_nasdaq_exchange (NYSE),0.9,listing_date_confidence_below_0.8,,,,Nasdaq listing date unresolved; using low-confidence pricing/prospectus fallback
1836754,LGCY,Legacy Education Inc.,NYSE,,common stock,2024-09-27,pricing_proxy,0.75,2025-09-27,0,0,0,0,not_nasdaq_exchange (NYSE),0.9,listing_date_confidence_below_0.8,,,,Nasdaq listing date unresolved; using low-confidence pricing/prospectus fallback
1838406,BKV,BKV Corp,NYSE,,common stock,2024-09-27,pricing_proxy,0.75,2025-09-27,0,0,0,0,not_nasdaq_exchange (NYSE),0.9,listing_date_confidence_below_0.8,,,,Nasdaq listing date unresolved; using low-confidence pricing/prospectus fallback
1988494,FVR,"FrontView REIT, Inc.",NYSE,,common stock,2024-10-02,pricing_proxy,0.75,2025-10-02,0,0,0,0,fund_or_etf_etp,0.9,listing_date_confidence_below_0.8,,,,Nasdaq listing date unresolved; using low-confidence pricing/prospectus fallback
2025410,SARO,"StandardAero, Inc.",NYSE,,common stock,2024-10-02,pricing_proxy,0.75,2025-10-02,0,0,0,0,not_nasdaq_exchange (NYSE),0.9,listing_date_confidence_below_0.8,,,,Nasdaq listing date unresolved; using low-confidence pricing/prospectus fallback
1392272,CBNA,CHAIN BRIDGE BANCORP INC,NYSE,,common stock,2024-10-07,pricing_proxy,0.75,2025-10-07,0,0,0,0,not_nasdaq_exchange (NYSE),0.9,listing_date_confidence_below_0.8,,,,Nasdaq listing date unresolved; using low-confidence pricing/prospectus fallback
1873529,KLC,"KinderCare Learning Companies, Inc.",NYSE,,common stock,2024-10-09,pricing_proxy,0.75,2025-10-09,0,0,0,0,not_nasdaq_exchange (NYSE),0.9,listing_date_confidence_below_0.8,,,,Nasdaq listing date unresolved; using low-confidence pricing/prospectus fallback
1897762,INGM,Ingram Micro Holding Corp,NYSE,,common stock,2024-10-24,pricing_proxy,0.75,2025-10-24,0,0,0,0,not_nasdaq_exchange (NYSE),0.9,listing_date_confidence_below_0.8,,,,Nasdaq listing date unresolved; using low-confidence pricing/prospectus fallback
1472326,GRO,Brazil Potash Corp.,NYSE,,common stock,2024-11-27,pricing_proxy,0.75,2025-11-27,0,0,0,0,not_nasdaq_exchange (NYSE),0.9,listing_date_confidence_below_0.8,,,,Nasdaq listing date unresolved; using low-confidence pricing/prospectus fallback
1770501,VENU,Venu Holding Corp,NYSE,,common stock,2024-11-27,pricing_proxy,0.75,2025-11-27,0,0,0,0,not_nasdaq_exchange (NYSE),0.9,listing_date_confidence_below_0.8,,,,Nasdaq listing date unresolved; using low-confidence pricing/prospectus fallback
2000230,BRIA,BrilliA Inc,NYSE,,ordinary shares,2024-11-27,pricing_proxy,0.75,2025-11-27,0,0,0,0,not_nasdaq_exchange (NYSE),0.9,listing_date_confidence_below_0.8,,,,Nasdaq listing date unresolved; using low-confidence pricing/prospectus fallback
2039058,JACS,Jackson Acquisition Co II,NYSE,,unit,2024-12-11,pricing_proxy,0.75,2025-12-11,0,0,0,1,spac_or_blank_check,0.9,boundary_date_uncertainty;edge_date_2024-12-11;listing_date_confidence_below_0.8,,,,IPO-time security was Units (SPAC); CIK may now show a merged operating company; Nasdaq listing date unresolved; using low-confidence pricing/prospectus fallback
2029492,MLAC,Mountain Lake Acquisition Corp.,Nasdaq,Global Market,ordinary shares,2024-12-13,first_trading,0.94,2025-12-13,0,0,0,0,spac_or_blank_check,0.9,boundary_date_uncertainty,,,,
2032528,DRDB,Roman DBDR Acquisition Corp. II,Nasdaq,Global Market,unit,2024-12-13,first_trading,0.94,2025-12-13,0,0,0,0,spac_or_blank_check,0.9,boundary_date_uncertainty,,,,IPO-time security was Units (SPAC); CIK may now show a merged operating company
